ID,Filename
0x343484,4260.bmd
0x6ba994,128688.2.bin
0x6f3b7c,129140.bmd
0xba4a5a,328484.3.bin
0x24c48a9,342848.2.bin
0x312286d,346996.3.bin
0x4134af1,349912.0.bin
0x63a85d9,376856.bmd
0x6618a21,489832.bmd
0x6793f33,643712.bmd
0x6a8bccb,735596.4.bin
0x7608e5a,737804.4.bin
0x87c6d87,740552.3.bin
0x9506c28,754916.0.bin
0xa27e763,785980.bmd
0xc29563e,953912.bmd
0xcb33492,1104104.4.bin
0xd7b0603,1107460.4.bin
0xe8127d9,1109464.3.bin
0xfdd1a1a,1113568.bmd
0x114f3f9a,1197000.0.bin
0x129faf10,1200308.3.bin
0x13579ee8,1200656.4.bin
0x15d0dd88,MIDI_JD_Toune2(1.0).mid
0x165d7afd,1206520.2.bin
0x16bd58a1,1209392.2.bin
0x180ef1f0,1209868.bmd
0x194c16b1,1362144.4.bin
0x1c6922d1,1364892.2.bin
0x1cd4e575,1365320.bmd
0x1e0f42d2,1462884.3.bin
0x1f42a7ec,1463064.4.bin
0x206aa520,1465172.bmd
0x207ba217,1532740.bmd
0x22fca278,1734960.3.bin
0x24664e52,ACT_School1.mid
0x26380ff5,1810936.0.bin
0x268041e0,1812284.0.bin
0x26b9b0c0,1821984.2.bin
0x272be3ab,1825464.3.bin
0x282307a9,1826476.bmd
0x28fe6370,1846256.bmd
0x299ce763,1851344.bmd
0x29ce8009,2001536.bmd
0x2b7b292c,2061396.0.bin
0x2cb3697f,2062024.3.bin
0x2d2f5c84,2131436.3.bin
0x2e3416db,2143540.2.bin
0x2f92563e,2145040.bmd
0x2fba349b,2266224.0.bin
0x31f2570a,2266924.3.bin
0x3209bb7c,2290156.bmd
0x3252b484,2336388.bmd
0x329d50fb,SPL_Stress.mid
0x32a88294,2491496.2.bin
0x35fde84f,2500236.3.bin
0x381a689b,2602756.bmd
0x38416763,2715784.bmd
0x3863fa95,2831076.2.bin
0x388691ea,2835240.3.bin
0x38ede9ef,2838840.3.bin
0x3b39bf8c,2839020.4.bin
0x3d07a07a,2840396.2.bin
0x3e14d9c6,2845212.bmd
0x3e4fd63e,3015392.bmd
0x3e9c2d4a,3133948.4.bin
0x41376b58,3133984.0.bin
0x4156fba4,3168764.bmd
0x41684c7b,3267952.2.bin
0x4243eeb1,3268408.4.bin
0x43bb9b01,3271020.bmd
0x44b25ad3,3381616.0.bin
0x45f676ef,3382532.0.bin
0x48503d56,3430704.4.bin
0x485866e8,3433252.4.bin
0x48abc0ad,3435788.bmd
0x4972d1b5,3558948.5.bin
0x4a1fbe28,3952272.bmd
0x4ac6bf63,4011408.2.bin
0x4ba7b87b,4011792.2.bin
0x4c744d81,4016568.0.bin
0x4c9cbc03,SPL_Menu.mid
0x4d629503,4113772.2.bin
0x4db3cc02,4116360.5.bin
0x4fcd4981,ACT_Factory.mid
0x5019a8c1,4634188.2.bin
0x528c914b,4637528.2.bin
0x53f49c07,4637984.5.bin
0x546b1e33,5635144.0.bin
0x54c0b89b,5665280.2.bin
0x567ca5bd,5665728.4.bin
0x56c43426,5668372.2.bin
0x56f32027,5668812.bmd
0x573581b0,5744560.5.bin
0x588c9047,6501284.3.bin
0x592838ea,6557948.0.bin
0x5c6f765a,6589764.4.bin
0x5cddba05,toune5.mid
0x5e14c2eb,6596224.2.bin
0x5eb7bade,6596672.5.bin
0x5f371146,7573848.3.bin
0x6036478c,7672064.4.bin
0x60fd62fc,7674640.2.bin
0x6202993f,7682936.4.bin
0x640c2862,7683480.4.bin
0x65a80112,7683864.bmd
0x66ce90dc,7778520.0.bin
0x6a2dcfd5,7805368.4.bin
0x6a361afd,7807904.2.bin
0x6b8db605,7814648.0.bin
0x6c0c243b,7849040.bmd
0x6ee16725,7931836.bmd
0x6f524012,8009524.2.bin
0x721e672a,8013844.4.bin
0x72cf3e5f,8014292.bmd
0x74ec50a8,8070964.2.bin
0x758bf1b8,8074400.2.bin
0x762a39b0,8074668.3.bin
0x7b0654a2,ACT_LAStudio2.mid
0x7b5c7b12,8105572.2.bin
0x7b63d8cf,8106348.3.bin
0x7bbb33fb,8118988.0.bin
0x7d865f3e,8174584.2.bin
0x7f05db54,8179364.bmd
0x8009e972,8261124.4.bin
0x80eec1b6,8264192.2.bin
0x81c1dbe3,8266780.4.bin
0x8672dfef,8268988.0.bin
0x87065c54,8301872.bmd
0x875d53ac,8362104.bmd
0x89402c2a,8502604.bmd
0x89a8e736,8506864.0.bin
0x8a25b9b7,8557980.2.bin
0x8b31f936,8562704.0.bin
0x8b403116,8583196.bmd
0x8bda53ba,8783472.4.bin
0x8d4e804b,8786604.bmd
0x8dbda6a7,8935020.bmd
0x8f41e358,9083444.2.bin
0x8f50c602,9088136.bmd
0x8ff0e481,9144808.0.bin
0x90d56d09,9165008.bmd
0x932205de,9225240.5.bin
0x932eaa84,9649252.0.bin
0x943ef9c0,9693996.4.bin
0x956dcfcd,9697224.3.bin
0x95f5e5cf,9706836.3.bin
0x96b9d970,9707808.3.bin
0x97efb733,9709172.0.bin
0x99692785,9772676.bmd
0x9c59396d,9947992.bmd
0x9d95fc74,10029204.2.bin
0x9d99e0b1,10033984.bmd
0x9e257199,10070464.4.bin
0x9e6d8c5d,10072500.0.bin
0x9e92f733,10134612.3.bin
0x9e9bf5b2,10135004.3.bin
0x9eb459c8,10161640.bmd
0x9f8d617b,10265004.0.bin
0xa0e77938,10265108.bmd
0xa116b34c,ACT_School2.mid
0xa11c7462,10339344.bmd
0xa20a199d,10503564.bmd
0xa20a3a26,10606064.bmd
0xa41b39df,10713700.2.bin
0xa5e4643d,10720368.2.bin
0xa5ecb356,10720812.bmd
0xa6bbcb52,10756472.0.bin
0xa73e9111,S4_Midi_Rev.mid
0xa7e0e880,10767944.2.bin
0xa8fb3116,10768392.bmd
0xa97c379d,10918700.2.bin
0xa9a2f227,10919152.0.bin
0xaa25eb2f,ACT_Magic.mid
0xaa5c26c5,10957720.3.bin
0xaab490b3,10958112.3.bin
0xabb41b31,10965808.2.bin
0xabbdce5f,10970588.3.bin
0xad3492f0,10997224.2.bin
0xad8d983a,10997676.3.bin
0xaf301e4d,10998968.2.bin
0xaf7abe2a,10999416.4.bin
0xafc0df2d,11000524.bmd
0xb00a0b8b,11057196.2.bin
0xb103e6f2,11061008.bmd
0xb13619b5,11146832.2.bin
0xb1eda206,11147304.2.bin
0xb23f820b,11148480.bmd
0xb2654d60,11168840.5.bin
0xb33562f1,11354640.bmd
0xb3ee8657,11511040.bmd
0xb44589a7,11578564.2.bin
0xb4d75100,11579016.0.bin
0xb6be265d,11605528.2.bin
0xb8a7a716,11605972.bmd
0xb960041d,11687012.2.bin
0xb97dbeee,11690944.bmd
0xb99477d9,11780356.0.bin
0xba31fa43,11815040.bmd
0xba98eaad,11817484.2.bin
0xbbe263c5,11817932.2.bin
0xbe91f3d7,11818404.2.bin
0xbf28004b,11818848.bmd
0xbf730fb3,11907728.bmd
0xbfa52965,12007780.2.bin
0xc2c634f4,12009072.bmd
0xc32438c4,12065744.4.bin
0xc3364719,12068644.bmd
0xc348b3c3,12138096.3.bin
0xc52a8999,12217924.4.bin
0xc87f6658,12220728.bmd
0xc8a623a6,12302816.3.bin
0xc93fb09d,12330764.4.bin
0xcb508caa,12333556.3.bin
0xcbb0aa1e,12419580.3.bin
0xcc11e10c,12577348.bmd
0xcec7751f,MIDI.mid
0xcf3101c0,12636432.4.bin
0xcf5c7cfb,12639320.3.bin
0xcfc2a785,12713244.bmd
0xd03fb876,12826676.bmd
0xd0479078,12905516.2.bin
0xd2bb21de,12908848.2.bin
0xd2d2d8d3,12912648.bmd
0xd2d2fb68,13021632.bmd
0xd3b1456d,13103284.0.bin
0xd60a8b2d,13106020.0.bin
0xd87059df,13140200.2.bin
0xdb061172,13146616.4.bin
0xdb49adf4,13149516.0.bin
0xdbda86ad,13181116.4.bin
0xdd08a02f,13181152.4.bin
0xdd140330,13183892.2.bin
0xe1c5f557,13189348.0.bin
0xe25febe3,13234324.2.bin
0xe2ea1415,13238616.2.bin
0xe3b8426e,13239096.2.bin
0xe504e8e0,13240228.0.bin
0xe56bfe17,13304132.4.bin
0xe75f20a4,13304484.4.bin
0xe7998407,13307064.2.bin
0xe83e6e65,13307492.2.bin
0xeb01d7a7,13307968.2.bin
0xec6dfe59,13308360.3.bin
0xec86d38e,13308752.0.bin
0xed44a8fd,13368304.4.bin
0xed4dfe77,13371160.2.bin
0xee33f69c,I found a way - Midi.mid
0xef4972ca,13374936.2.bin
0xf14f7532,13375368.2.bin
0xf34bf98f,13375816.2.bin
0xf3683016,13376260.4.bin
0xf499803c,13379108.0.bin
0xf4b26811,13410428.2.bin
0xf64ed9b7,13413880.2.bin
0xf973b84f,13418044.4.bin
0xf99f83ff,13421132.2.bin
0xf9daa6e5,13421576.0.bin
0xfb43b8e5,13452140.0.bin
0xfb9b0f42,13504712.2.bin
0xfd654452,13505160.bmd
0xfd6567e9,13572780.bmd
0xfe652f42,13660000.3.bin
0xfe76a9bc,ACT_LAStudio1.mid
0xff88074c,13664580.bmd
0xffd3aa2f,13744308.2.bin