BMD ID,BMD Filename,Model ID,Index
0x00343484,4260.bmd,0x0073dfe8,24
0x00343484,4260.bmd,0x033a18fd,48
0x00343484,4260.bmd,0x074dd133,0
0x00343484,4260.bmd,0x0adcfdb1,16
0x00343484,4260.bmd,0x10395f06,15
0x00343484,4260.bmd,0x16ed99cd,54
0x00343484,4260.bmd,0x17f1ee63,47
0x00343484,4260.bmd,0x23062071,25
0x00343484,4260.bmd,0x24a29756,42
0x00343484,4260.bmd,0x2a31149f,2
0x00343484,4260.bmd,0x2f8fdaaa,38
0x00343484,4260.bmd,0x32b64004,19
0x00343484,4260.bmd,0x3505b14a,44
0x00343484,4260.bmd,0x351c022d,39
0x00343484,4260.bmd,0x39e0fc12,49
0x00343484,4260.bmd,0x3aa60819,4
0x00343484,4260.bmd,0x3b2897a8,40
0x00343484,4260.bmd,0x485bd8d5,37
0x00343484,4260.bmd,0x4e13e34d,50
0x00343484,4260.bmd,0x5a60641e,23
0x00343484,4260.bmd,0x60103630,18
0x00343484,4260.bmd,0x6381bf1b,31
0x00343484,4260.bmd,0x63fed6a3,11
0x00343484,4260.bmd,0x6c7dcc23,46
0x00343484,4260.bmd,0x6c9243f3,33
0x00343484,4260.bmd,0x6e671d47,52
0x00343484,4260.bmd,0x6fe64b4f,34
0x00343484,4260.bmd,0x768724ab,7
0x00343484,4260.bmd,0x85d59ad4,8
0x00343484,4260.bmd,0x8a9394bf,28
0x00343484,4260.bmd,0x8b87205e,45
0x00343484,4260.bmd,0x8b8df0df,30
0x00343484,4260.bmd,0x8c91e142,43
0x00343484,4260.bmd,0x920c16d2,20
0x00343484,4260.bmd,0x92fdaeb0,35
0x00343484,4260.bmd,0x9c33d949,51
0x00343484,4260.bmd,0x9c73bc2e,9
0x00343484,4260.bmd,0xa14813e2,41
0x00343484,4260.bmd,0xa3bba583,5
0x00343484,4260.bmd,0xac50df86,12
0x00343484,4260.bmd,0xb1942651,55
0x00343484,4260.bmd,0xb2b123de,14
0x00343484,4260.bmd,0xc1067c46,32
0x00343484,4260.bmd,0xc15a2e49,53
0x00343484,4260.bmd,0xc22cd6ad,21
0x00343484,4260.bmd,0xc244c907,27
0x00343484,4260.bmd,0xc51d5cd9,26
0x00343484,4260.bmd,0xce513401,3
0x00343484,4260.bmd,0xe2c4dfc7,17
0x00343484,4260.bmd,0xe54735f7,6
0x00343484,4260.bmd,0xe5bce2c4,1
0x00343484,4260.bmd,0xe5fb4b0f,36
0x00343484,4260.bmd,0xecf04a42,13
0x00343484,4260.bmd,0xf4f4477b,29
0x00343484,4260.bmd,0xf94118fe,22
0x00343484,4260.bmd,0xfb177833,10
0x006f3b7c,129140.bmd,0x0a3d1e0d,14
0x006f3b7c,129140.bmd,0x0adcfdb1,21
0x006f3b7c,129140.bmd,0x17f1ee63,19
0x006f3b7c,129140.bmd,0x1fbe267f,5
0x006f3b7c,129140.bmd,0x24a29756,16
0x006f3b7c,129140.bmd,0x28a3a90d,11
0x006f3b7c,129140.bmd,0x2f096eca,32
0x006f3b7c,129140.bmd,0x2f8fdaaa,23
0x006f3b7c,129140.bmd,0x351c022d,18
0x006f3b7c,129140.bmd,0x37a0fef1,42
0x006f3b7c,129140.bmd,0x3d367676,12
0x006f3b7c,129140.bmd,0x3e7d8184,51
0x006f3b7c,129140.bmd,0x3fce5862,0
0x006f3b7c,129140.bmd,0x4c7d348b,52
0x006f3b7c,129140.bmd,0x50a635b7,45
0x006f3b7c,129140.bmd,0x536491dc,9
0x006f3b7c,129140.bmd,0x5738e448,48
0x006f3b7c,129140.bmd,0x65342dcc,7
0x006f3b7c,129140.bmd,0x694a1cea,59
0x006f3b7c,129140.bmd,0x6c7dcc23,30
0x006f3b7c,129140.bmd,0x6e9e9471,44
0x006f3b7c,129140.bmd,0x6fd91db3,49
0x006f3b7c,129140.bmd,0x6fe64b4f,15
0x006f3b7c,129140.bmd,0x76458d87,61
0x006f3b7c,129140.bmd,0x7e703cc2,34
0x006f3b7c,129140.bmd,0x80d3309a,27
0x006f3b7c,129140.bmd,0x85d59ad4,33
0x006f3b7c,129140.bmd,0x8a9394bf,56
0x006f3b7c,129140.bmd,0x8b87205e,57
0x006f3b7c,129140.bmd,0x8b8df0df,6
0x006f3b7c,129140.bmd,0x8bfec218,47
0x006f3b7c,129140.bmd,0x8c91e142,25
0x006f3b7c,129140.bmd,0x8cce6a83,60
0x006f3b7c,129140.bmd,0x8d1a6822,37
0x006f3b7c,129140.bmd,0x8d5e865d,3
0x006f3b7c,129140.bmd,0x8e5ad5b9,24
0x006f3b7c,129140.bmd,0x8ef48cbd,46
0x006f3b7c,129140.bmd,0x90b8590d,8
0x006f3b7c,129140.bmd,0x9bb2d7f6,29
0x006f3b7c,129140.bmd,0x9ccb3932,54
0x006f3b7c,129140.bmd,0xa13d6122,2
0x006f3b7c,129140.bmd,0xa4b24fb8,41
0x006f3b7c,129140.bmd,0xa4d2c149,20
0x006f3b7c,129140.bmd,0xa753670b,22
0x006f3b7c,129140.bmd,0xa9199ec9,64
0x006f3b7c,129140.bmd,0xaa44e215,31
0x006f3b7c,129140.bmd,0xaa86da3d,40
0x006f3b7c,129140.bmd,0xaab57803,38
0x006f3b7c,129140.bmd,0xb1229935,4
0x006f3b7c,129140.bmd,0xb2d31abe,62
0x006f3b7c,129140.bmd,0xb67ece3b,53
0x006f3b7c,129140.bmd,0xc119ec18,28
0x006f3b7c,129140.bmd,0xc9e593ef,50
0x006f3b7c,129140.bmd,0xcaae9512,55
0x006f3b7c,129140.bmd,0xcec99c20,39
0x006f3b7c,129140.bmd,0xd08e3934,58
0x006f3b7c,129140.bmd,0xd8e64dbb,43
0x006f3b7c,129140.bmd,0xddc3fb0d,1
0x006f3b7c,129140.bmd,0xde3b996b,35
0x006f3b7c,129140.bmd,0xe5fb4b0f,17
0x006f3b7c,129140.bmd,0xe868780a,10
0x006f3b7c,129140.bmd,0xe9317314,63
0x006f3b7c,129140.bmd,0xf4f4477b,26
0x006f3b7c,129140.bmd,0xfa6a53c8,13
0x006f3b7c,129140.bmd,0xfb177833,36
0x063a85d9,376856.bmd,0x074dd133,0
0x063a85d9,376856.bmd,0x0adcfdb1,24
0x063a85d9,376856.bmd,0x15c7f38d,45
0x063a85d9,376856.bmd,0x16ed99cd,15
0x063a85d9,376856.bmd,0x24a29756,19
0x063a85d9,376856.bmd,0x2a31149f,2
0x063a85d9,376856.bmd,0x2e6112bf,46
0x063a85d9,376856.bmd,0x2f096eca,20
0x063a85d9,376856.bmd,0x32b64004,32
0x063a85d9,376856.bmd,0x3505b14a,14
0x063a85d9,376856.bmd,0x37a0fef1,35
0x063a85d9,376856.bmd,0x3aa60819,4
0x063a85d9,376856.bmd,0x3b3124cf,41
0x063a85d9,376856.bmd,0x50a635b7,21
0x063a85d9,376856.bmd,0x5738e448,26
0x063a85d9,376856.bmd,0x6381bf1b,7
0x063a85d9,376856.bmd,0x63fed6a3,40
0x063a85d9,376856.bmd,0x6c7dcc23,31
0x063a85d9,376856.bmd,0x6c9243f3,30
0x063a85d9,376856.bmd,0x6e9e9471,42
0x063a85d9,376856.bmd,0x7132f437,27
0x063a85d9,376856.bmd,0x7f0661b2,22
0x063a85d9,376856.bmd,0x85d59ad4,25
0x063a85d9,376856.bmd,0x889e73d9,28
0x063a85d9,376856.bmd,0x8b87205e,12
0x063a85d9,376856.bmd,0x8b8df0df,43
0x063a85d9,376856.bmd,0x8c91e142,18
0x063a85d9,376856.bmd,0x8ef48cbd,17
0x063a85d9,376856.bmd,0x9970f52d,38
0x063a85d9,376856.bmd,0xa14813e2,44
0x063a85d9,376856.bmd,0xa4d2c149,37
0x063a85d9,376856.bmd,0xa753670b,13
0x063a85d9,376856.bmd,0xc1067c46,8
0x063a85d9,376856.bmd,0xc22cd6ad,11
0x063a85d9,376856.bmd,0xcd4901fd,36
0x063a85d9,376856.bmd,0xce513401,1
0x063a85d9,376856.bmd,0xd08e3934,16
0x063a85d9,376856.bmd,0xd8e64dbb,34
0x063a85d9,376856.bmd,0xe54735f7,3
0x063a85d9,376856.bmd,0xe5bce2c4,6
0x063a85d9,376856.bmd,0xecb27a7c,5
0x063a85d9,376856.bmd,0xefcc66b5,33
0x063a85d9,376856.bmd,0xf46e9681,29
0x063a85d9,376856.bmd,0xf4f4477b,10
0x063a85d9,376856.bmd,0xf94118fe,23
0x063a85d9,376856.bmd,0xfae13fb6,39
0x063a85d9,376856.bmd,0xfb177833,9
0x06618a21,489832.bmd,0x0590955a,40
0x06618a21,489832.bmd,0x074dd133,56
0x06618a21,489832.bmd,0x12b07ff1,51
0x06618a21,489832.bmd,0x1fbe267f,3
0x06618a21,489832.bmd,0x2a31149f,49
0x06618a21,489832.bmd,0x2ed597e2,59
0x06618a21,489832.bmd,0x2f4a1258,60
0x06618a21,489832.bmd,0x373bfc3c,23
0x06618a21,489832.bmd,0x3aa60819,48
0x06618a21,489832.bmd,0x3ac4b6a3,45
0x06618a21,489832.bmd,0x3d367676,54
0x06618a21,489832.bmd,0x3fce5862,1
0x06618a21,489832.bmd,0x40a251da,20
0x06618a21,489832.bmd,0x4249a10e,29
0x06618a21,489832.bmd,0x4c7d348b,28
0x06618a21,489832.bmd,0x50a635b7,44
0x06618a21,489832.bmd,0x51fbb913,34
0x06618a21,489832.bmd,0x536491dc,57
0x06618a21,489832.bmd,0x60103630,35
0x06618a21,489832.bmd,0x635eb8ea,22
0x06618a21,489832.bmd,0x63fed6a3,53
0x06618a21,489832.bmd,0x64fd5409,55
0x06618a21,489832.bmd,0x65342dcc,5
0x06618a21,489832.bmd,0x6c7dcc23,8
0x06618a21,489832.bmd,0x6c970954,24
0x06618a21,489832.bmd,0x6e9e9471,42
0x06618a21,489832.bmd,0x71778f31,17
0x06618a21,489832.bmd,0x76458d87,43
0x06618a21,489832.bmd,0x792377c2,39
0x06618a21,489832.bmd,0x7dbea1da,27
0x06618a21,489832.bmd,0x85d59ad4,9
0x06618a21,489832.bmd,0x8a9394bf,15
0x06618a21,489832.bmd,0x8b5d90e1,10
0x06618a21,489832.bmd,0x8b8df0df,50
0x06618a21,489832.bmd,0x8d1a6822,37
0x06618a21,489832.bmd,0x8d5e865d,2
0x06618a21,489832.bmd,0x8ef48cbd,12
0x06618a21,489832.bmd,0x90f8f9d9,21
0x06618a21,489832.bmd,0x92fdaeb0,26
0x06618a21,489832.bmd,0x9aaaf20d,7
0x06618a21,489832.bmd,0x9bb5f94d,19
0x06618a21,489832.bmd,0x9ccb3932,31
0x06618a21,489832.bmd,0xa5c1d564,58
0x06618a21,489832.bmd,0xa9dc9309,62
0x06618a21,489832.bmd,0xaa86da3d,30
0x06618a21,489832.bmd,0xb1229935,0
0x06618a21,489832.bmd,0xb2b123de,36
0x06618a21,489832.bmd,0xb67ece3b,13
0x06618a21,489832.bmd,0xb74cf51f,63
0x06618a21,489832.bmd,0xc15a2e49,46
0x06618a21,489832.bmd,0xc73fabcc,11
0x06618a21,489832.bmd,0xcaae9512,14
0x06618a21,489832.bmd,0xce513401,61
0x06618a21,489832.bmd,0xd08e3934,16
0x06618a21,489832.bmd,0xd2b89ec0,18
0x06618a21,489832.bmd,0xd8e64dbb,33
0x06618a21,489832.bmd,0xddc3fb0d,4
0x06618a21,489832.bmd,0xde430c88,32
0x06618a21,489832.bmd,0xe54735f7,47
0x06618a21,489832.bmd,0xe5fb4b0f,6
0x06618a21,489832.bmd,0xf4f4477b,41
0x06618a21,489832.bmd,0xfa6a53c8,52
0x06618a21,489832.bmd,0xfae13fb6,25
0x06618a21,489832.bmd,0xfb177833,38
0x06793f33,643712.bmd,0x26677aa8,18
0x06793f33,643712.bmd,0x32293880,31
0x06793f33,643712.bmd,0x3b66435f,7
0x06793f33,643712.bmd,0x3b90013e,28
0x06793f33,643712.bmd,0x4616635f,29
0x06793f33,643712.bmd,0x462fb076,25
0x06793f33,643712.bmd,0x4f807497,5
0x06793f33,643712.bmd,0x62be501f,2
0x06793f33,643712.bmd,0x66dbfc08,0
0x06793f33,643712.bmd,0x6b078f15,32
0x06793f33,643712.bmd,0x70632ec2,4
0x06793f33,643712.bmd,0x70921b51,6
0x06793f33,643712.bmd,0x7863d66f,20
0x06793f33,643712.bmd,0x8419282e,17
0x06793f33,643712.bmd,0x84385ae4,33
0x06793f33,643712.bmd,0x96eb9269,14
0x06793f33,643712.bmd,0x984a8016,15
0x06793f33,643712.bmd,0x9976d27d,1
0x06793f33,643712.bmd,0xa6b9b4c7,10
0x06793f33,643712.bmd,0xa861c87d,23
0x06793f33,643712.bmd,0xb240fbbb,26
0x06793f33,643712.bmd,0xbd9aa11d,22
0x06793f33,643712.bmd,0xbf502945,16
0x06793f33,643712.bmd,0xc1d09bdf,9
0x06793f33,643712.bmd,0xc33d2df8,27
0x06793f33,643712.bmd,0xcad9f527,13
0x06793f33,643712.bmd,0xd6e2d156,12
0x06793f33,643712.bmd,0xe6ad89a6,3
0x06793f33,643712.bmd,0xe7d209a8,24
0x06793f33,643712.bmd,0xecb84d74,30
0x06793f33,643712.bmd,0xef10fad4,8
0x06793f33,643712.bmd,0xf75df0ee,21
0x06793f33,643712.bmd,0xfa13829d,11
0x06793f33,643712.bmd,0xfaf37ed6,19
0x0a27e763,785980.bmd,0x001e671c,45
0x0a27e763,785980.bmd,0x043a762b,34
0x0a27e763,785980.bmd,0x09edba1a,5
0x0a27e763,785980.bmd,0x0defce9d,36
0x0a27e763,785980.bmd,0x1243d993,35
0x0a27e763,785980.bmd,0x12bf557b,31
0x0a27e763,785980.bmd,0x14c611ec,4
0x0a27e763,785980.bmd,0x1c8bc0fe,30
0x0a27e763,785980.bmd,0x24d8c2fa,20
0x0a27e763,785980.bmd,0x323d5153,16
0x0a27e763,785980.bmd,0x4b10597f,43
0x0a27e763,785980.bmd,0x512f3e8b,29
0x0a27e763,785980.bmd,0x5f1bab0e,18
0x0a27e763,785980.bmd,0x63090790,7
0x0a27e763,785980.bmd,0x630f9c99,40
0x0a27e763,785980.bmd,0x6577721d,6
0x0a27e763,785980.bmd,0x6af0feed,1
0x0a27e763,785980.bmd,0x784b0ec7,42
0x0a27e763,785980.bmd,0x806c1f68,0
0x0a27e763,785980.bmd,0x81d3c415,41
0x0a27e763,785980.bmd,0x85d59ad4,14
0x0a27e763,785980.bmd,0x8b87205e,46
0x0a27e763,785980.bmd,0x8b8df0df,17
0x0a27e763,785980.bmd,0x8d1ca536,3
0x0a27e763,785980.bmd,0x933523be,12
0x0a27e763,785980.bmd,0x9548c1f4,33
0x0a27e763,785980.bmd,0x9aeca930,26
0x0a27e763,785980.bmd,0xa343e053,37
0x0a27e763,785980.bmd,0xa4d2c149,13
0x0a27e763,785980.bmd,0xa6b72ce0,19
0x0a27e763,785980.bmd,0xa86cbe93,44
0x0a27e763,785980.bmd,0xab1bb70a,23
0x0a27e763,785980.bmd,0xac78bc73,24
0x0a27e763,785980.bmd,0xb8e211b4,10
0x0a27e763,785980.bmd,0xba8a0448,8
0x0a27e763,785980.bmd,0xc28dbe6f,2
0x0a27e763,785980.bmd,0xc62bb164,32
0x0a27e763,785980.bmd,0xc9272c4f,21
0x0a27e763,785980.bmd,0xc93be868,11
0x0a27e763,785980.bmd,0xd6123125,28
0x0a27e763,785980.bmd,0xd7aee14d,38
0x0a27e763,785980.bmd,0xde24c442,22
0x0a27e763,785980.bmd,0xe2eda162,39
0x0a27e763,785980.bmd,0xe5fb4b0f,27
0x0a27e763,785980.bmd,0xf4f4477b,9
0x0a27e763,785980.bmd,0xf7867577,25
0x0a27e763,785980.bmd,0xfe16b96a,15
0x0c29563e,953912.bmd,0x0073dfe8,49
0x0c29563e,953912.bmd,0x074dd133,52
0x0c29563e,953912.bmd,0x0a3d1e0d,22
0x0c29563e,953912.bmd,0x0adcfdb1,37
0x0c29563e,953912.bmd,0x17f1ee63,35
0x0c29563e,953912.bmd,0x24a29756,24
0x0c29563e,953912.bmd,0x2a31149f,0
0x0c29563e,953912.bmd,0x2f8fdaaa,29
0x0c29563e,953912.bmd,0x2fe574ab,17
0x0c29563e,953912.bmd,0x32b64004,15
0x0c29563e,953912.bmd,0x3505b14a,53
0x0c29563e,953912.bmd,0x351c022d,32
0x0c29563e,953912.bmd,0x3aa60819,3
0x0c29563e,953912.bmd,0x3b2897a8,33
0x0c29563e,953912.bmd,0x3b3124cf,54
0x0c29563e,953912.bmd,0x45c9810f,43
0x0c29563e,953912.bmd,0x485bd8d5,30
0x0c29563e,953912.bmd,0x5738e448,31
0x0c29563e,953912.bmd,0x59a8c759,48
0x0c29563e,953912.bmd,0x5a60641e,9
0x0c29563e,953912.bmd,0x60103630,13
0x0c29563e,953912.bmd,0x630f9c99,25
0x0c29563e,953912.bmd,0x6381bf1b,19
0x0c29563e,953912.bmd,0x63fed6a3,14
0x0c29563e,953912.bmd,0x683c3069,41
0x0c29563e,953912.bmd,0x6c9243f3,55
0x0c29563e,953912.bmd,0x6f694bc4,42
0x0c29563e,953912.bmd,0x6fe64b4f,23
0x0c29563e,953912.bmd,0x768724ab,16
0x0c29563e,953912.bmd,0x80d3309a,50
0x0c29563e,953912.bmd,0x81d3c415,26
0x0c29563e,953912.bmd,0x85d59ad4,7
0x0c29563e,953912.bmd,0x8a9394bf,27
0x0c29563e,953912.bmd,0x8b87205e,56
0x0c29563e,953912.bmd,0x8b8df0df,21
0x0c29563e,953912.bmd,0x8c91e142,47
0x0c29563e,953912.bmd,0x8e5ad5b9,45
0x0c29563e,953912.bmd,0x9734768d,44
0x0c29563e,953912.bmd,0x9c73bc2e,10
0x0c29563e,953912.bmd,0xa0051abc,40
0x0c29563e,953912.bmd,0xa14813e2,57
0x0c29563e,953912.bmd,0xa3bba583,4
0x0c29563e,953912.bmd,0xa4d2c149,36
0x0c29563e,953912.bmd,0xa6ed6931,34
0x0c29563e,953912.bmd,0xa753670b,39
0x0c29563e,953912.bmd,0xac50df86,8
0x0c29563e,953912.bmd,0xc1067c46,20
0x0c29563e,953912.bmd,0xc244c907,5
0x0c29563e,953912.bmd,0xc73fabcc,51
0x0c29563e,953912.bmd,0xce513401,1
0x0c29563e,953912.bmd,0xe2c4dfc7,11
0x0c29563e,953912.bmd,0xe54735f7,2
0x0c29563e,953912.bmd,0xe5bce2c4,18
0x0c29563e,953912.bmd,0xe5fb4b0f,28
0x0c29563e,953912.bmd,0xecf04a42,12
0x0c29563e,953912.bmd,0xf4f4477b,46
0x0c29563e,953912.bmd,0xf94118fe,38
0x0c29563e,953912.bmd,0xfb177833,6
0x0fdd1a1a,1113568.bmd,0x14c5ba24,1
0x0fdd1a1a,1113568.bmd,0x26677aa8,6
0x0fdd1a1a,1113568.bmd,0x32293880,28
0x0fdd1a1a,1113568.bmd,0x3b90013e,25
0x0fdd1a1a,1113568.bmd,0x4616635f,26
0x0fdd1a1a,1113568.bmd,0x462fb076,22
0x0fdd1a1a,1113568.bmd,0x62be501f,7
0x0fdd1a1a,1113568.bmd,0x66dbfc08,12
0x0fdd1a1a,1113568.bmd,0x6b078f15,29
0x0fdd1a1a,1113568.bmd,0x6c2109d8,14
0x0fdd1a1a,1113568.bmd,0x7863d66f,17
0x0fdd1a1a,1113568.bmd,0x8419282e,0
0x0fdd1a1a,1113568.bmd,0x84385ae4,30
0x0fdd1a1a,1113568.bmd,0x96eb9269,15
0x0fdd1a1a,1113568.bmd,0x984a8016,3
0x0fdd1a1a,1113568.bmd,0xa861c87d,20
0x0fdd1a1a,1113568.bmd,0xb240fbbb,23
0x0fdd1a1a,1113568.bmd,0xbd9aa11d,19
0x0fdd1a1a,1113568.bmd,0xbf502945,4
0x0fdd1a1a,1113568.bmd,0xc2a0965b,9
0x0fdd1a1a,1113568.bmd,0xc33d2df8,24
0x0fdd1a1a,1113568.bmd,0xcad9f527,11
0x0fdd1a1a,1113568.bmd,0xcbe2e5f4,10
0x0fdd1a1a,1113568.bmd,0xd6e2d156,8
0x0fdd1a1a,1113568.bmd,0xe6ad89a6,13
0x0fdd1a1a,1113568.bmd,0xe7d209a8,21
0x0fdd1a1a,1113568.bmd,0xecb84d74,27
0x0fdd1a1a,1113568.bmd,0xef10fad4,2
0x0fdd1a1a,1113568.bmd,0xf75df0ee,18
0x0fdd1a1a,1113568.bmd,0xfa13829d,5
0x0fdd1a1a,1113568.bmd,0xfaf37ed6,16
0x180ef1f0,1209868.bmd,0x0a3d1e0d,14
0x180ef1f0,1209868.bmd,0x0adcfdb1,23
0x180ef1f0,1209868.bmd,0x17f1ee63,21
0x180ef1f0,1209868.bmd,0x1fbe267f,5
0x180ef1f0,1209868.bmd,0x24a29756,52
0x180ef1f0,1209868.bmd,0x28a3a90d,12
0x180ef1f0,1209868.bmd,0x2f096eca,30
0x180ef1f0,1209868.bmd,0x2f8fdaaa,24
0x180ef1f0,1209868.bmd,0x351c022d,19
0x180ef1f0,1209868.bmd,0x36648f28,60
0x180ef1f0,1209868.bmd,0x3b2897a8,20
0x180ef1f0,1209868.bmd,0x3d367676,13
0x180ef1f0,1209868.bmd,0x3e7d8184,45
0x180ef1f0,1209868.bmd,0x3fce5862,1
0x180ef1f0,1209868.bmd,0x536491dc,10
0x180ef1f0,1209868.bmd,0x5738e448,18
0x180ef1f0,1209868.bmd,0x630f9c99,53
0x180ef1f0,1209868.bmd,0x65342dcc,7
0x180ef1f0,1209868.bmd,0x6c7dcc23,28
0x180ef1f0,1209868.bmd,0x6fe64b4f,15
0x180ef1f0,1209868.bmd,0x71778f31,56
0x180ef1f0,1209868.bmd,0x76458d87,42
0x180ef1f0,1209868.bmd,0x7acd777d,46
0x180ef1f0,1209868.bmd,0x7e703cc2,33
0x180ef1f0,1209868.bmd,0x81d3c415,54
0x180ef1f0,1209868.bmd,0x85d59ad4,31
0x180ef1f0,1209868.bmd,0x8a9394bf,49
0x180ef1f0,1209868.bmd,0x8b5d90e1,40
0x180ef1f0,1209868.bmd,0x8b87205e,50
0x180ef1f0,1209868.bmd,0x8b8df0df,6
0x180ef1f0,1209868.bmd,0x8c91e142,25
0x180ef1f0,1209868.bmd,0x8d1a6822,37
0x180ef1f0,1209868.bmd,0x8d5e865d,3
0x180ef1f0,1209868.bmd,0x8e5ad5b9,27
0x180ef1f0,1209868.bmd,0x8ef48cbd,41
0x180ef1f0,1209868.bmd,0x90b8590d,8
0x180ef1f0,1209868.bmd,0x94c70af4,36
0x180ef1f0,1209868.bmd,0x970e689d,32
0x180ef1f0,1209868.bmd,0x9aaaf20d,17
0x180ef1f0,1209868.bmd,0xa13d6122,2
0x180ef1f0,1209868.bmd,0xa4d2c149,22
0x180ef1f0,1209868.bmd,0xaa44e215,29
0x180ef1f0,1209868.bmd,0xb1229935,0
0x180ef1f0,1209868.bmd,0xb67ece3b,47
0x180ef1f0,1209868.bmd,0xc73fabcc,39
0x180ef1f0,1209868.bmd,0xc7d1066a,44
0x180ef1f0,1209868.bmd,0xc9e593ef,43
0x180ef1f0,1209868.bmd,0xcb22ddae,59
0x180ef1f0,1209868.bmd,0xcd4901fd,48
0x180ef1f0,1209868.bmd,0xcec99c20,38
0x180ef1f0,1209868.bmd,0xd08e3934,51
0x180ef1f0,1209868.bmd,0xd27d486b,9
0x180ef1f0,1209868.bmd,0xd9afbd84,55
0x180ef1f0,1209868.bmd,0xddc3fb0d,4
0x180ef1f0,1209868.bmd,0xde3b996b,35
0x180ef1f0,1209868.bmd,0xe5fb4b0f,16
0x180ef1f0,1209868.bmd,0xe868780a,11
0x180ef1f0,1209868.bmd,0xe9317314,57
0x180ef1f0,1209868.bmd,0xf4f4477b,26
0x180ef1f0,1209868.bmd,0xfa6a53c8,58
0x180ef1f0,1209868.bmd,0xfb177833,34
0x1cd4e575,1365320.bmd,0x14c5ba24,6
0x1cd4e575,1365320.bmd,0x26677aa8,14
0x1cd4e575,1365320.bmd,0x32293880,28
0x1cd4e575,1365320.bmd,0x3b90013e,25
0x1cd4e575,1365320.bmd,0x4616635f,26
0x1cd4e575,1365320.bmd,0x462fb076,22
0x1cd4e575,1365320.bmd,0x62be501f,9
0x1cd4e575,1365320.bmd,0x66dbfc08,11
0x1cd4e575,1365320.bmd,0x6b078f15,30
0x1cd4e575,1365320.bmd,0x7863d66f,17
0x1cd4e575,1365320.bmd,0x8419282e,3
0x1cd4e575,1365320.bmd,0x84385ae4,31
0x1cd4e575,1365320.bmd,0x886c7a61,5
0x1cd4e575,1365320.bmd,0x96eb9269,29
0x1cd4e575,1365320.bmd,0x984a8016,0
0x1cd4e575,1365320.bmd,0x9976d27d,13
0x1cd4e575,1365320.bmd,0xa77538e6,10
0x1cd4e575,1365320.bmd,0xa861c87d,20
0x1cd4e575,1365320.bmd,0xb240fbbb,23
0x1cd4e575,1365320.bmd,0xbd9aa11d,19
0x1cd4e575,1365320.bmd,0xbf502945,7
0x1cd4e575,1365320.bmd,0xc33d2df8,24
0x1cd4e575,1365320.bmd,0xcad9f527,8
0x1cd4e575,1365320.bmd,0xcbe2e5f4,4
0x1cd4e575,1365320.bmd,0xd6e2d156,12
0x1cd4e575,1365320.bmd,0xe6ad89a6,15
0x1cd4e575,1365320.bmd,0xe7d209a8,21
0x1cd4e575,1365320.bmd,0xecb84d74,27
0x1cd4e575,1365320.bmd,0xef10fad4,2
0x1cd4e575,1365320.bmd,0xf75df0ee,18
0x1cd4e575,1365320.bmd,0xfa13829d,1
0x1cd4e575,1365320.bmd,0xfaf37ed6,16
0x206aa520,1465172.bmd,0x139b10e5,9
0x206aa520,1465172.bmd,0x14c5ba24,3
0x206aa520,1465172.bmd,0x26677aa8,4
0x206aa520,1465172.bmd,0x32293880,22
0x206aa520,1465172.bmd,0x3b90013e,19
0x206aa520,1465172.bmd,0x4616635f,20
0x206aa520,1465172.bmd,0x462fb076,16
0x206aa520,1465172.bmd,0x62be501f,7
0x206aa520,1465172.bmd,0x66dbfc08,23
0x206aa520,1465172.bmd,0x6b078f15,25
0x206aa520,1465172.bmd,0x7863d66f,11
0x206aa520,1465172.bmd,0x8419282e,0
0x206aa520,1465172.bmd,0x84385ae4,26
0x206aa520,1465172.bmd,0x96eb9269,24
0x206aa520,1465172.bmd,0x984a8016,5
0x206aa520,1465172.bmd,0xa861c87d,14
0x206aa520,1465172.bmd,0xb240fbbb,17
0x206aa520,1465172.bmd,0xbd9aa11d,13
0x206aa520,1465172.bmd,0xbf502945,6
0x206aa520,1465172.bmd,0xc33d2df8,18
0x206aa520,1465172.bmd,0xd6e2d156,8
0x206aa520,1465172.bmd,0xe7d209a8,15
0x206aa520,1465172.bmd,0xecb84d74,21
0x206aa520,1465172.bmd,0xef10fad4,2
0x206aa520,1465172.bmd,0xf75df0ee,12
0x206aa520,1465172.bmd,0xfa13829d,1
0x206aa520,1465172.bmd,0xfaf37ed6,10
0x207ba217,1532740.bmd,0x0a3d1e0d,15
0x207ba217,1532740.bmd,0x0adcfdb1,23
0x207ba217,1532740.bmd,0x17f1ee63,21
0x207ba217,1532740.bmd,0x1fbe267f,5
0x207ba217,1532740.bmd,0x24a29756,17
0x207ba217,1532740.bmd,0x28a3a90d,12
0x207ba217,1532740.bmd,0x2f096eca,34
0x207ba217,1532740.bmd,0x2f8fdaaa,25
0x207ba217,1532740.bmd,0x351c022d,19
0x207ba217,1532740.bmd,0x37a0fef1,44
0x207ba217,1532740.bmd,0x3b2897a8,20
0x207ba217,1532740.bmd,0x3d367676,13
0x207ba217,1532740.bmd,0x3e7d8184,53
0x207ba217,1532740.bmd,0x3fce5862,0
0x207ba217,1532740.bmd,0x4c7d348b,54
0x207ba217,1532740.bmd,0x50a635b7,47
0x207ba217,1532740.bmd,0x536491dc,10
0x207ba217,1532740.bmd,0x5738e448,50
0x207ba217,1532740.bmd,0x65342dcc,7
0x207ba217,1532740.bmd,0x694a1cea,61
0x207ba217,1532740.bmd,0x6c7dcc23,32
0x207ba217,1532740.bmd,0x6e9e9471,46
0x207ba217,1532740.bmd,0x6fd91db3,51
0x207ba217,1532740.bmd,0x6fe64b4f,16
0x207ba217,1532740.bmd,0x71778f31,65
0x207ba217,1532740.bmd,0x76458d87,63
0x207ba217,1532740.bmd,0x7e703cc2,36
0x207ba217,1532740.bmd,0x80d3309a,28
0x207ba217,1532740.bmd,0x85d59ad4,35
0x207ba217,1532740.bmd,0x8a9394bf,58
0x207ba217,1532740.bmd,0x8b87205e,59
0x207ba217,1532740.bmd,0x8b8df0df,6
0x207ba217,1532740.bmd,0x8bfec218,49
0x207ba217,1532740.bmd,0x8c91e142,26
0x207ba217,1532740.bmd,0x8cce6a83,62
0x207ba217,1532740.bmd,0x8d1a6822,39
0x207ba217,1532740.bmd,0x8d5e865d,4
0x207ba217,1532740.bmd,0x8e5ad5b9,29
0x207ba217,1532740.bmd,0x8ef48cbd,48
0x207ba217,1532740.bmd,0x90b8590d,8
0x207ba217,1532740.bmd,0x9bb2d7f6,31
0x207ba217,1532740.bmd,0x9ccb3932,56
0x207ba217,1532740.bmd,0xa13d6122,3
0x207ba217,1532740.bmd,0xa4b24fb8,43
0x207ba217,1532740.bmd,0xa4d2c149,22
0x207ba217,1532740.bmd,0xa753670b,24
0x207ba217,1532740.bmd,0xa9199ec9,67
0x207ba217,1532740.bmd,0xaa44e215,33
0x207ba217,1532740.bmd,0xaa86da3d,42
0x207ba217,1532740.bmd,0xaab57803,40
0x207ba217,1532740.bmd,0xb1229935,1
0x207ba217,1532740.bmd,0xb2d31abe,64
0x207ba217,1532740.bmd,0xb67ece3b,55
0x207ba217,1532740.bmd,0xc119ec18,30
0x207ba217,1532740.bmd,0xc9e593ef,52
0x207ba217,1532740.bmd,0xcaae9512,57
0x207ba217,1532740.bmd,0xcec99c20,41
0x207ba217,1532740.bmd,0xd08e3934,60
0x207ba217,1532740.bmd,0xd27d486b,9
0x207ba217,1532740.bmd,0xd8e64dbb,45
0x207ba217,1532740.bmd,0xddc3fb0d,2
0x207ba217,1532740.bmd,0xde3b996b,37
0x207ba217,1532740.bmd,0xe5fb4b0f,18
0x207ba217,1532740.bmd,0xe868780a,11
0x207ba217,1532740.bmd,0xe9317314,66
0x207ba217,1532740.bmd,0xf4f4477b,27
0x207ba217,1532740.bmd,0xfa6a53c8,14
0x207ba217,1532740.bmd,0xfb177833,38
0x282307a9,1826476.bmd,0x2f096eca,5
0x282307a9,1826476.bmd,0x37a0fef1,2
0x282307a9,1826476.bmd,0x7e703cc2,6
0x282307a9,1826476.bmd,0x8b87205e,7
0x282307a9,1826476.bmd,0x8ef48cbd,8
0x282307a9,1826476.bmd,0x90b8590d,4
0x282307a9,1826476.bmd,0x9734768d,0
0x282307a9,1826476.bmd,0xa4b24fb8,1
0x282307a9,1826476.bmd,0xb1229935,3
0x28fe6370,1846256.bmd,0x3d323f98,0
0x28fe6370,1846256.bmd,0x64abe67a,1
0x28fe6370,1846256.bmd,0xef6905eb,2
0x299ce763,1851344.bmd,0x0073dfe8,49
0x299ce763,1851344.bmd,0x074dd133,52
0x299ce763,1851344.bmd,0x0a3d1e0d,22
0x299ce763,1851344.bmd,0x0adcfdb1,37
0x299ce763,1851344.bmd,0x17f1ee63,35
0x299ce763,1851344.bmd,0x24a29756,24
0x299ce763,1851344.bmd,0x2a31149f,0
0x299ce763,1851344.bmd,0x2f8fdaaa,29
0x299ce763,1851344.bmd,0x2fe574ab,17
0x299ce763,1851344.bmd,0x32b64004,15
0x299ce763,1851344.bmd,0x3505b14a,53
0x299ce763,1851344.bmd,0x351c022d,32
0x299ce763,1851344.bmd,0x3aa60819,3
0x299ce763,1851344.bmd,0x3b2897a8,33
0x299ce763,1851344.bmd,0x3b3124cf,54
0x299ce763,1851344.bmd,0x45c9810f,43
0x299ce763,1851344.bmd,0x485bd8d5,30
0x299ce763,1851344.bmd,0x5738e448,31
0x299ce763,1851344.bmd,0x59a8c759,48
0x299ce763,1851344.bmd,0x5a60641e,9
0x299ce763,1851344.bmd,0x60103630,13
0x299ce763,1851344.bmd,0x630f9c99,25
0x299ce763,1851344.bmd,0x6381bf1b,19
0x299ce763,1851344.bmd,0x63fed6a3,14
0x299ce763,1851344.bmd,0x683c3069,41
0x299ce763,1851344.bmd,0x6c9243f3,55
0x299ce763,1851344.bmd,0x6f694bc4,42
0x299ce763,1851344.bmd,0x6fe64b4f,23
0x299ce763,1851344.bmd,0x768724ab,16
0x299ce763,1851344.bmd,0x80d3309a,50
0x299ce763,1851344.bmd,0x81d3c415,26
0x299ce763,1851344.bmd,0x85d59ad4,7
0x299ce763,1851344.bmd,0x8a9394bf,27
0x299ce763,1851344.bmd,0x8b87205e,56
0x299ce763,1851344.bmd,0x8b8df0df,21
0x299ce763,1851344.bmd,0x8c91e142,47
0x299ce763,1851344.bmd,0x8e5ad5b9,45
0x299ce763,1851344.bmd,0x9734768d,44
0x299ce763,1851344.bmd,0x9c73bc2e,10
0x299ce763,1851344.bmd,0xa0051abc,40
0x299ce763,1851344.bmd,0xa14813e2,57
0x299ce763,1851344.bmd,0xa3bba583,4
0x299ce763,1851344.bmd,0xa4d2c149,36
0x299ce763,1851344.bmd,0xa6ed6931,34
0x299ce763,1851344.bmd,0xa753670b,39
0x299ce763,1851344.bmd,0xac50df86,8
0x299ce763,1851344.bmd,0xc1067c46,20
0x299ce763,1851344.bmd,0xc244c907,5
0x299ce763,1851344.bmd,0xc73fabcc,51
0x299ce763,1851344.bmd,0xce513401,1
0x299ce763,1851344.bmd,0xe2c4dfc7,11
0x299ce763,1851344.bmd,0xe54735f7,2
0x299ce763,1851344.bmd,0xe5bce2c4,18
0x299ce763,1851344.bmd,0xe5fb4b0f,28
0x299ce763,1851344.bmd,0xecf04a42,12
0x299ce763,1851344.bmd,0xf4f4477b,46
0x299ce763,1851344.bmd,0xf94118fe,38
0x299ce763,1851344.bmd,0xfb177833,6
0x29ce8009,2001536.bmd,0x03b81854,8
0x29ce8009,2001536.bmd,0x26677aa8,7
0x29ce8009,2001536.bmd,0x32293880,22
0x29ce8009,2001536.bmd,0x3b90013e,19
0x29ce8009,2001536.bmd,0x442619a2,3
0x29ce8009,2001536.bmd,0x4616635f,20
0x29ce8009,2001536.bmd,0x462fb076,16
0x29ce8009,2001536.bmd,0x62be501f,2
0x29ce8009,2001536.bmd,0x66dbfc08,23
0x29ce8009,2001536.bmd,0x6b078f15,25
0x29ce8009,2001536.bmd,0x7863d66f,10
0x29ce8009,2001536.bmd,0x84385ae4,26
0x29ce8009,2001536.bmd,0x96eb9269,24
0x29ce8009,2001536.bmd,0x984a8016,5
0x29ce8009,2001536.bmd,0xa861c87d,13
0x29ce8009,2001536.bmd,0xb240fbbb,17
0x29ce8009,2001536.bmd,0xbd9aa11d,12
0x29ce8009,2001536.bmd,0xbf502945,4
0x29ce8009,2001536.bmd,0xc2a364f7,6
0x29ce8009,2001536.bmd,0xc33d2df8,18
0x29ce8009,2001536.bmd,0xd6e2d156,15
0x29ce8009,2001536.bmd,0xe7d209a8,14
0x29ce8009,2001536.bmd,0xecb84d74,21
0x29ce8009,2001536.bmd,0xef10fad4,1
0x29ce8009,2001536.bmd,0xf75df0ee,11
0x29ce8009,2001536.bmd,0xfa13829d,0
0x29ce8009,2001536.bmd,0xfaf37ed6,9
0x2f92563e,2145040.bmd,0x0073dfe8,21
0x2f92563e,2145040.bmd,0x074dd133,49
0x2f92563e,2145040.bmd,0x0a3d1e0d,24
0x2f92563e,2145040.bmd,0x17f1ee63,36
0x2f92563e,2145040.bmd,0x24a29756,37
0x2f92563e,2145040.bmd,0x2a31149f,0
0x2f92563e,2145040.bmd,0x2f8fdaaa,30
0x2f92563e,2145040.bmd,0x32b64004,12
0x2f92563e,2145040.bmd,0x3505b14a,45
0x2f92563e,2145040.bmd,0x351c022d,34
0x2f92563e,2145040.bmd,0x3aa60819,1
0x2f92563e,2145040.bmd,0x3b2897a8,33
0x2f92563e,2145040.bmd,0x485bd8d5,29
0x2f92563e,2145040.bmd,0x5738e448,32
0x2f92563e,2145040.bmd,0x5a06665a,31
0x2f92563e,2145040.bmd,0x5a60641e,11
0x2f92563e,2145040.bmd,0x60103630,16
0x2f92563e,2145040.bmd,0x630f9c99,26
0x2f92563e,2145040.bmd,0x6381bf1b,19
0x2f92563e,2145040.bmd,0x63fed6a3,10
0x2f92563e,2145040.bmd,0x6c9243f3,22
0x2f92563e,2145040.bmd,0x6fe64b4f,17
0x2f92563e,2145040.bmd,0x768724ab,6
0x2f92563e,2145040.bmd,0x81d3c415,25
0x2f92563e,2145040.bmd,0x85d59ad4,7
0x2f92563e,2145040.bmd,0x8a9394bf,23
0x2f92563e,2145040.bmd,0x8b87205e,48
0x2f92563e,2145040.bmd,0x8b8df0df,47
0x2f92563e,2145040.bmd,0x8c91e142,44
0x2f92563e,2145040.bmd,0x92fdaeb0,27
0x2f92563e,2145040.bmd,0x94c70af4,42
0x2f92563e,2145040.bmd,0x9c73bc2e,8
0x2f92563e,2145040.bmd,0xa14813e2,35
0x2f92563e,2145040.bmd,0xa3bba583,4
0x2f92563e,2145040.bmd,0xa4d2c149,38
0x2f92563e,2145040.bmd,0xa753670b,40
0x2f92563e,2145040.bmd,0xac50df86,13
0x2f92563e,2145040.bmd,0xc1067c46,20
0x2f92563e,2145040.bmd,0xc244c907,5
0x2f92563e,2145040.bmd,0xc94f37a6,41
0x2f92563e,2145040.bmd,0xce513401,2
0x2f92563e,2145040.bmd,0xd0cad93f,46
0x2f92563e,2145040.bmd,0xde3b996b,43
0x2f92563e,2145040.bmd,0xe2c4dfc7,14
0x2f92563e,2145040.bmd,0xe54735f7,3
0x2f92563e,2145040.bmd,0xe5bce2c4,18
0x2f92563e,2145040.bmd,0xe5fb4b0f,28
0x2f92563e,2145040.bmd,0xecf04a42,15
0x2f92563e,2145040.bmd,0xf4f4477b,39
0x2f92563e,2145040.bmd,0xfb177833,9
0x3209bb7c,2290156.bmd,0x2f096eca,7
0x3209bb7c,2290156.bmd,0x3d367676,5
0x3209bb7c,2290156.bmd,0x3fce5862,2
0x3209bb7c,2290156.bmd,0x4c7d348b,12
0x3209bb7c,2290156.bmd,0x6c7dcc23,10
0x3209bb7c,2290156.bmd,0x8b87205e,13
0x3209bb7c,2290156.bmd,0x8b8df0df,3
0x3209bb7c,2290156.bmd,0x8bfec218,11
0x3209bb7c,2290156.bmd,0x90b8590d,4
0x3209bb7c,2290156.bmd,0xa13d6122,0
0x3209bb7c,2290156.bmd,0xa4b24fb8,9
0x3209bb7c,2290156.bmd,0xa9199ec9,14
0x3209bb7c,2290156.bmd,0xaab57803,8
0x3209bb7c,2290156.bmd,0xb1229935,1
0x3209bb7c,2290156.bmd,0xfa6a53c8,6
0x3252b484,2336388.bmd,0x001e671c,28
0x3252b484,2336388.bmd,0x09edba1a,4
0x3252b484,2336388.bmd,0x0defce9d,41
0x3252b484,2336388.bmd,0x0e2af299,35
0x3252b484,2336388.bmd,0x1243d993,19
0x3252b484,2336388.bmd,0x14c611ec,0
0x3252b484,2336388.bmd,0x24d8c2fa,10
0x3252b484,2336388.bmd,0x32597600,31
0x3252b484,2336388.bmd,0x37c9f4db,39
0x3252b484,2336388.bmd,0x45c41aec,32
0x3252b484,2336388.bmd,0x4b10597f,30
0x3252b484,2336388.bmd,0x512f3e8b,14
0x3252b484,2336388.bmd,0x5f1bab0e,13
0x3252b484,2336388.bmd,0x61e58945,38
0x3252b484,2336388.bmd,0x63090790,6
0x3252b484,2336388.bmd,0x6577721d,37
0x3252b484,2336388.bmd,0x6af0feed,8
0x3252b484,2336388.bmd,0x784b0ec7,22
0x3252b484,2336388.bmd,0x7e703cc2,40
0x3252b484,2336388.bmd,0x806c1f68,2
0x3252b484,2336388.bmd,0x8a9394bf,36
0x3252b484,2336388.bmd,0x8b87205e,42
0x3252b484,2336388.bmd,0x8b8df0df,20
0x3252b484,2336388.bmd,0x8d1ca536,5
0x3252b484,2336388.bmd,0x933523be,25
0x3252b484,2336388.bmd,0x96c07daa,33
0x3252b484,2336388.bmd,0xa24c29f6,27
0x3252b484,2336388.bmd,0xa343e053,16
0x3252b484,2336388.bmd,0xa4d2c149,34
0x3252b484,2336388.bmd,0xa6b72ce0,15
0x3252b484,2336388.bmd,0xa86cbe93,23
0x3252b484,2336388.bmd,0xab1bb70a,26
0x3252b484,2336388.bmd,0xb8e211b4,1
0x3252b484,2336388.bmd,0xba8a0448,9
0x3252b484,2336388.bmd,0xc28dbe6f,3
0x3252b484,2336388.bmd,0xc62bb164,18
0x3252b484,2336388.bmd,0xc93be868,7
0x3252b484,2336388.bmd,0xd6123125,21
0x3252b484,2336388.bmd,0xd7aee14d,17
0x3252b484,2336388.bmd,0xde24c442,11
0x3252b484,2336388.bmd,0xe5fb4b0f,24
0x3252b484,2336388.bmd,0xf7867577,29
0x3252b484,2336388.bmd,0xfe16b96a,12
0x381a689b,2602756.bmd,0x15c7f38d,17
0x381a689b,2602756.bmd,0x1fbe267f,15
0x381a689b,2602756.bmd,0x24a29756,23
0x381a689b,2602756.bmd,0x24d8c2fa,31
0x381a689b,2602756.bmd,0x2e6112bf,10
0x381a689b,2602756.bmd,0x2f096eca,16
0x381a689b,2602756.bmd,0x2f8fdaaa,42
0x381a689b,2602756.bmd,0x32b64004,25
0x381a689b,2602756.bmd,0x37a0fef1,41
0x381a689b,2602756.bmd,0x3d367676,19
0x381a689b,2602756.bmd,0x3fce5862,12
0x381a689b,2602756.bmd,0x40d2dedc,38
0x381a689b,2602756.bmd,0x4249a10e,33
0x381a689b,2602756.bmd,0x4c7d348b,32
0x381a689b,2602756.bmd,0x50a635b7,8
0x381a689b,2602756.bmd,0x5738e448,34
0x381a689b,2602756.bmd,0x60ec6ddd,11
0x381a689b,2602756.bmd,0x6381bf1b,1
0x381a689b,2602756.bmd,0x6c7dcc23,24
0x381a689b,2602756.bmd,0x6e9e9471,22
0x381a689b,2602756.bmd,0x6fd91db3,49
0x381a689b,2602756.bmd,0x792377c2,28
0x381a689b,2602756.bmd,0x7acd777d,43
0x381a689b,2602756.bmd,0x7dbea1da,35
0x381a689b,2602756.bmd,0x7f0661b2,6
0x381a689b,2602756.bmd,0x8b8df0df,0
0x381a689b,2602756.bmd,0x8c91e142,7
0x381a689b,2602756.bmd,0x8d1a6822,30
0x381a689b,2602756.bmd,0x8d5e865d,13
0x381a689b,2602756.bmd,0x8ef48cbd,21
0x381a689b,2602756.bmd,0x9ccb3932,48
0x381a689b,2602756.bmd,0xa13d6122,18
0x381a689b,2602756.bmd,0xa4b24fb8,37
0x381a689b,2602756.bmd,0xa753670b,4
0x381a689b,2602756.bmd,0xaa86da3d,36
0x381a689b,2602756.bmd,0xb1229935,14
0x381a689b,2602756.bmd,0xb2d31abe,47
0x381a689b,2602756.bmd,0xb6729caa,44
0x381a689b,2602756.bmd,0xb67ece3b,50
0x381a689b,2602756.bmd,0xc1067c46,2
0x381a689b,2602756.bmd,0xc73fabcc,29
0x381a689b,2602756.bmd,0xc7d1066a,45
0x381a689b,2602756.bmd,0xc996b0b5,9
0x381a689b,2602756.bmd,0xc9e593ef,46
0x381a689b,2602756.bmd,0xcd4901fd,26
0x381a689b,2602756.bmd,0xd08e3934,20
0x381a689b,2602756.bmd,0xde430c88,39
0x381a689b,2602756.bmd,0xf46e9681,27
0x381a689b,2602756.bmd,0xf4f4477b,3
0x381a689b,2602756.bmd,0xf94118fe,5
0x381a689b,2602756.bmd,0xfb177833,40
0x38416763,2715784.bmd,0x0073dfe8,24
0x38416763,2715784.bmd,0x074dd133,0
0x38416763,2715784.bmd,0x0adcfdb1,21
0x38416763,2715784.bmd,0x10395f06,19
0x38416763,2715784.bmd,0x17f1ee63,42
0x38416763,2715784.bmd,0x23062071,25
0x38416763,2715784.bmd,0x24a29756,28
0x38416763,2715784.bmd,0x2a31149f,3
0x38416763,2715784.bmd,0x2f8fdaaa,38
0x38416763,2715784.bmd,0x32b64004,14
0x38416763,2715784.bmd,0x3505b14a,46
0x38416763,2715784.bmd,0x351c022d,40
0x38416763,2715784.bmd,0x3aa60819,2
0x38416763,2715784.bmd,0x3b2897a8,39
0x38416763,2715784.bmd,0x485bd8d5,37
0x38416763,2715784.bmd,0x5a60641e,13
0x38416763,2715784.bmd,0x60103630,15
0x38416763,2715784.bmd,0x6381bf1b,30
0x38416763,2715784.bmd,0x63fed6a3,9
0x38416763,2715784.bmd,0x6c7dcc23,48
0x38416763,2715784.bmd,0x6c9243f3,32
0x38416763,2715784.bmd,0x6fe64b4f,34
0x38416763,2715784.bmd,0x768724ab,10
0x38416763,2715784.bmd,0x85d59ad4,11
0x38416763,2715784.bmd,0x8a9394bf,26
0x38416763,2715784.bmd,0x8b87205e,47
0x38416763,2715784.bmd,0x8b8df0df,29
0x38416763,2715784.bmd,0x8c91e142,45
0x38416763,2715784.bmd,0x920c16d2,18
0x38416763,2715784.bmd,0x92fdaeb0,35
0x38416763,2715784.bmd,0x9c73bc2e,8
0x38416763,2715784.bmd,0xa14813e2,41
0x38416763,2715784.bmd,0xa3bba583,6
0x38416763,2715784.bmd,0xa4d2c149,49
0x38416763,2715784.bmd,0xa753670b,43
0x38416763,2715784.bmd,0xac50df86,12
0x38416763,2715784.bmd,0xb2b123de,20
0x38416763,2715784.bmd,0xc1067c46,31
0x38416763,2715784.bmd,0xc22cd6ad,22
0x38416763,2715784.bmd,0xc244c907,7
0x38416763,2715784.bmd,0xce513401,4
0x38416763,2715784.bmd,0xde3b996b,44
0x38416763,2715784.bmd,0xe2c4dfc7,16
0x38416763,2715784.bmd,0xe54735f7,5
0x38416763,2715784.bmd,0xe5bce2c4,1
0x38416763,2715784.bmd,0xe5fb4b0f,36
0x38416763,2715784.bmd,0xecf04a42,17
0x38416763,2715784.bmd,0xf4f4477b,27
0x38416763,2715784.bmd,0xf94118fe,23
0x38416763,2715784.bmd,0xfb177833,33
0x3e14d9c6,2845212.bmd,0x0590955a,52
0x3e14d9c6,2845212.bmd,0x12b07ff1,63
0x3e14d9c6,2845212.bmd,0x17f1ee63,11
0x3e14d9c6,2845212.bmd,0x1fbe267f,4
0x3e14d9c6,2845212.bmd,0x2a31149f,62
0x3e14d9c6,2845212.bmd,0x2ed597e2,65
0x3e14d9c6,2845212.bmd,0x2f096eca,16
0x3e14d9c6,2845212.bmd,0x2f4a1258,43
0x3e14d9c6,2845212.bmd,0x373bfc3c,34
0x3e14d9c6,2845212.bmd,0x3aa60819,61
0x3e14d9c6,2845212.bmd,0x3ac4b6a3,57
0x3e14d9c6,2845212.bmd,0x3d367676,7
0x3e14d9c6,2845212.bmd,0x3fce5862,2
0x3e14d9c6,2845212.bmd,0x40a251da,31
0x3e14d9c6,2845212.bmd,0x4249a10e,40
0x3e14d9c6,2845212.bmd,0x4c7d348b,39
0x3e14d9c6,2845212.bmd,0x50a635b7,56
0x3e14d9c6,2845212.bmd,0x51fbb913,46
0x3e14d9c6,2845212.bmd,0x5738e448,10
0x3e14d9c6,2845212.bmd,0x60103630,47
0x3e14d9c6,2845212.bmd,0x635eb8ea,33
0x3e14d9c6,2845212.bmd,0x65342dcc,6
0x3e14d9c6,2845212.bmd,0x6c7dcc23,14
0x3e14d9c6,2845212.bmd,0x6c970954,35
0x3e14d9c6,2845212.bmd,0x6e9e9471,54
0x3e14d9c6,2845212.bmd,0x71778f31,28
0x3e14d9c6,2845212.bmd,0x76458d87,55
0x3e14d9c6,2845212.bmd,0x792377c2,51
0x3e14d9c6,2845212.bmd,0x7dbea1da,38
0x3e14d9c6,2845212.bmd,0x7e703cc2,18
0x3e14d9c6,2845212.bmd,0x85d59ad4,17
0x3e14d9c6,2845212.bmd,0x8a9394bf,26
0x3e14d9c6,2845212.bmd,0x8b5d90e1,21
0x3e14d9c6,2845212.bmd,0x8b8df0df,64
0x3e14d9c6,2845212.bmd,0x8c91e142,13
0x3e14d9c6,2845212.bmd,0x8d1a6822,50
0x3e14d9c6,2845212.bmd,0x8d5e865d,3
0x3e14d9c6,2845212.bmd,0x8ef48cbd,22
0x3e14d9c6,2845212.bmd,0x90f8f9d9,32
0x3e14d9c6,2845212.bmd,0x92fdaeb0,37
0x3e14d9c6,2845212.bmd,0x9aaaf20d,9
0x3e14d9c6,2845212.bmd,0x9bb5f94d,30
0x3e14d9c6,2845212.bmd,0x9ccb3932,42
0x3e14d9c6,2845212.bmd,0xa4d2c149,12
0x3e14d9c6,2845212.bmd,0xa5c1d564,66
0x3e14d9c6,2845212.bmd,0xa9dc9309,67
0x3e14d9c6,2845212.bmd,0xaa44e215,15
0x3e14d9c6,2845212.bmd,0xaa86da3d,41
0x3e14d9c6,2845212.bmd,0xb1229935,1
0x3e14d9c6,2845212.bmd,0xb2b123de,48
0x3e14d9c6,2845212.bmd,0xb67ece3b,24
0x3e14d9c6,2845212.bmd,0xb74cf51f,68
0x3e14d9c6,2845212.bmd,0xc15a2e49,58
0x3e14d9c6,2845212.bmd,0xc73fabcc,20
0x3e14d9c6,2845212.bmd,0xc9e593ef,23
0x3e14d9c6,2845212.bmd,0xcaae9512,25
0x3e14d9c6,2845212.bmd,0xcec99c20,19
0x3e14d9c6,2845212.bmd,0xcf1127f8,59
0x3e14d9c6,2845212.bmd,0xd08e3934,27
0x3e14d9c6,2845212.bmd,0xd2b89ec0,29
0x3e14d9c6,2845212.bmd,0xd8e64dbb,45
0x3e14d9c6,2845212.bmd,0xddc3fb0d,5
0x3e14d9c6,2845212.bmd,0xde430c88,44
0x3e14d9c6,2845212.bmd,0xe54735f7,60
0x3e14d9c6,2845212.bmd,0xe5fb4b0f,8
0x3e14d9c6,2845212.bmd,0xf4f4477b,53
0x3e14d9c6,2845212.bmd,0xfa6a53c8,0
0x3e14d9c6,2845212.bmd,0xfae13fb6,36
0x3e14d9c6,2845212.bmd,0xfb177833,49
0x3e4fd63e,3015392.bmd,0x0073dfe8,47
0x3e4fd63e,3015392.bmd,0x0091593c,48
0x3e4fd63e,3015392.bmd,0x074dd133,40
0x3e4fd63e,3015392.bmd,0x1691c8a9,24
0x3e4fd63e,3015392.bmd,0x17f1ee63,33
0x3e4fd63e,3015392.bmd,0x24a29756,34
0x3e4fd63e,3015392.bmd,0x2a31149f,0
0x3e4fd63e,3015392.bmd,0x2f8fdaaa,28
0x3e4fd63e,3015392.bmd,0x32b64004,12
0x3e4fd63e,3015392.bmd,0x351c022d,30
0x3e4fd63e,3015392.bmd,0x3aa60819,1
0x3e4fd63e,3015392.bmd,0x3b2897a8,29
0x3e4fd63e,3015392.bmd,0x3b3124cf,45
0x3e4fd63e,3015392.bmd,0x475fc772,23
0x3e4fd63e,3015392.bmd,0x485bd8d5,27
0x3e4fd63e,3015392.bmd,0x5a60641e,14
0x3e4fd63e,3015392.bmd,0x60103630,16
0x3e4fd63e,3015392.bmd,0x630f9c99,20
0x3e4fd63e,3015392.bmd,0x6381bf1b,43
0x3e4fd63e,3015392.bmd,0x63fed6a3,10
0x3e4fd63e,3015392.bmd,0x683c3069,49
0x3e4fd63e,3015392.bmd,0x6c9243f3,42
0x3e4fd63e,3015392.bmd,0x6f694bc4,36
0x3e4fd63e,3015392.bmd,0x6fe64b4f,19
0x3e4fd63e,3015392.bmd,0x768724ab,6
0x3e4fd63e,3015392.bmd,0x81d3c415,21
0x3e4fd63e,3015392.bmd,0x85d59ad4,7
0x3e4fd63e,3015392.bmd,0x8b87205e,46
0x3e4fd63e,3015392.bmd,0x8b8df0df,18
0x3e4fd63e,3015392.bmd,0x8c91e142,39
0x3e4fd63e,3015392.bmd,0x92fdaeb0,44
0x3e4fd63e,3015392.bmd,0x970e689d,35
0x3e4fd63e,3015392.bmd,0x9c73bc2e,8
0x3e4fd63e,3015392.bmd,0xa14813e2,31
0x3e4fd63e,3015392.bmd,0xa3bba583,4
0x3e4fd63e,3015392.bmd,0xa4d2c149,32
0x3e4fd63e,3015392.bmd,0xa81af21d,25
0x3e4fd63e,3015392.bmd,0xac50df86,13
0x3e4fd63e,3015392.bmd,0xc1067c46,41
0x3e4fd63e,3015392.bmd,0xc244c907,5
0x3e4fd63e,3015392.bmd,0xc94f37a6,22
0x3e4fd63e,3015392.bmd,0xce513401,2
0x3e4fd63e,3015392.bmd,0xe2c4dfc7,15
0x3e4fd63e,3015392.bmd,0xe54735f7,3
0x3e4fd63e,3015392.bmd,0xe5bce2c4,17
0x3e4fd63e,3015392.bmd,0xe5fb4b0f,26
0x3e4fd63e,3015392.bmd,0xeac2ee65,37
0x3e4fd63e,3015392.bmd,0xecf04a42,11
0x3e4fd63e,3015392.bmd,0xf4f4477b,38
0x3e4fd63e,3015392.bmd,0xfb177833,9
0x4156fba4,3168764.bmd,0x129da472,5
0x4156fba4,3168764.bmd,0x12d2008b,6
0x4156fba4,3168764.bmd,0x32293880,23
0x4156fba4,3168764.bmd,0x3b90013e,20
0x4156fba4,3168764.bmd,0x4616635f,21
0x4156fba4,3168764.bmd,0x462fb076,17
0x4156fba4,3168764.bmd,0x62be501f,4
0x4156fba4,3168764.bmd,0x66dbfc08,24
0x4156fba4,3168764.bmd,0x6b078f15,26
0x4156fba4,3168764.bmd,0x6c2109d8,9
0x4156fba4,3168764.bmd,0x7863d66f,11
0x4156fba4,3168764.bmd,0x84385ae4,27
0x4156fba4,3168764.bmd,0x886c7a61,8
0x4156fba4,3168764.bmd,0x949b8969,10
0x4156fba4,3168764.bmd,0x96eb9269,25
0x4156fba4,3168764.bmd,0x984a8016,2
0x4156fba4,3168764.bmd,0xa77538e6,7
0x4156fba4,3168764.bmd,0xa861c87d,14
0x4156fba4,3168764.bmd,0xb240fbbb,18
0x4156fba4,3168764.bmd,0xbd9aa11d,13
0x4156fba4,3168764.bmd,0xbf502945,3
0x4156fba4,3168764.bmd,0xc33d2df8,19
0x4156fba4,3168764.bmd,0xd6e2d156,16
0x4156fba4,3168764.bmd,0xe7d209a8,15
0x4156fba4,3168764.bmd,0xecb84d74,22
0x4156fba4,3168764.bmd,0xef10fad4,1
0x4156fba4,3168764.bmd,0xf75df0ee,12
0x4156fba4,3168764.bmd,0xfa13829d,0
0x43bb9b01,3271020.bmd,0x0fe2cafe,23
0x43bb9b01,3271020.bmd,0x139b10e5,11
0x43bb9b01,3271020.bmd,0x14c5ba24,0
0x43bb9b01,3271020.bmd,0x26677aa8,21
0x43bb9b01,3271020.bmd,0x2e15e413,12
0x43bb9b01,3271020.bmd,0x32293880,38
0x43bb9b01,3271020.bmd,0x3b90013e,35
0x43bb9b01,3271020.bmd,0x4616635f,36
0x43bb9b01,3271020.bmd,0x462fb076,32
0x43bb9b01,3271020.bmd,0x62be501f,5
0x43bb9b01,3271020.bmd,0x66dbfc08,8
0x43bb9b01,3271020.bmd,0x6b078f15,39
0x43bb9b01,3271020.bmd,0x6c2109d8,19
0x43bb9b01,3271020.bmd,0x6ec7a7f2,15
0x43bb9b01,3271020.bmd,0x6ecbf5d1,18
0x43bb9b01,3271020.bmd,0x7863d66f,27
0x43bb9b01,3271020.bmd,0x8419282e,13
0x43bb9b01,3271020.bmd,0x84385ae4,40
0x43bb9b01,3271020.bmd,0x9581b950,26
0x43bb9b01,3271020.bmd,0x96eb9269,22
0x43bb9b01,3271020.bmd,0x984a8016,10
0x43bb9b01,3271020.bmd,0x98622745,9
0x43bb9b01,3271020.bmd,0x9976d27d,20
0x43bb9b01,3271020.bmd,0xa861c87d,30
0x43bb9b01,3271020.bmd,0xb240fbbb,33
0x43bb9b01,3271020.bmd,0xbd9aa11d,29
0x43bb9b01,3271020.bmd,0xbf42caac,16
0x43bb9b01,3271020.bmd,0xbf502945,6
0x43bb9b01,3271020.bmd,0xc33d2df8,34
0x43bb9b01,3271020.bmd,0xcad9f527,7
0x43bb9b01,3271020.bmd,0xd1cae624,14
0x43bb9b01,3271020.bmd,0xd6e2d156,2
0x43bb9b01,3271020.bmd,0xe140620e,17
0x43bb9b01,3271020.bmd,0xe6ad89a6,4
0x43bb9b01,3271020.bmd,0xe7d209a8,31
0x43bb9b01,3271020.bmd,0xecb84d74,37
0x43bb9b01,3271020.bmd,0xed360b71,25
0x43bb9b01,3271020.bmd,0xef10fad4,1
0x43bb9b01,3271020.bmd,0xf75df0ee,28
0x43bb9b01,3271020.bmd,0xfa13829d,3
0x43bb9b01,3271020.bmd,0xfaf37ed6,24
0x48abc0ad,3435788.bmd,0x0073dfe8,21
0x48abc0ad,3435788.bmd,0x074dd133,48
0x48abc0ad,3435788.bmd,0x0adcfdb1,17
0x48abc0ad,3435788.bmd,0x10395f06,16
0x48abc0ad,3435788.bmd,0x17f1ee63,42
0x48abc0ad,3435788.bmd,0x23062071,22
0x48abc0ad,3435788.bmd,0x24a29756,34
0x48abc0ad,3435788.bmd,0x2a31149f,0
0x48abc0ad,3435788.bmd,0x2f8fdaaa,30
0x48abc0ad,3435788.bmd,0x32b64004,15
0x48abc0ad,3435788.bmd,0x351c022d,41
0x48abc0ad,3435788.bmd,0x3aa60819,1
0x48abc0ad,3435788.bmd,0x3b2897a8,40
0x48abc0ad,3435788.bmd,0x475fc772,25
0x48abc0ad,3435788.bmd,0x485bd8d5,29
0x48abc0ad,3435788.bmd,0x5738e448,39
0x48abc0ad,3435788.bmd,0x5a06665a,38
0x48abc0ad,3435788.bmd,0x5a60641e,12
0x48abc0ad,3435788.bmd,0x630f9c99,35
0x48abc0ad,3435788.bmd,0x6381bf1b,19
0x48abc0ad,3435788.bmd,0x63fed6a3,10
0x48abc0ad,3435788.bmd,0x6c9243f3,32
0x48abc0ad,3435788.bmd,0x768724ab,6
0x48abc0ad,3435788.bmd,0x81d3c415,33
0x48abc0ad,3435788.bmd,0x85d59ad4,7
0x48abc0ad,3435788.bmd,0x8a9394bf,23
0x48abc0ad,3435788.bmd,0x8b87205e,47
0x48abc0ad,3435788.bmd,0x8b8df0df,46
0x48abc0ad,3435788.bmd,0x8c91e142,44
0x48abc0ad,3435788.bmd,0x92fdaeb0,36
0x48abc0ad,3435788.bmd,0x9c73bc2e,8
0x48abc0ad,3435788.bmd,0xa14813e2,28
0x48abc0ad,3435788.bmd,0xa4d2c149,26
0x48abc0ad,3435788.bmd,0xa753670b,43
0x48abc0ad,3435788.bmd,0xa81af21d,24
0x48abc0ad,3435788.bmd,0xac50df86,11
0x48abc0ad,3435788.bmd,0xb2b123de,18
0x48abc0ad,3435788.bmd,0xc1067c46,20
0x48abc0ad,3435788.bmd,0xc244c907,5
0x48abc0ad,3435788.bmd,0xc94f37a6,27
0x48abc0ad,3435788.bmd,0xce513401,2
0x48abc0ad,3435788.bmd,0xd0cad93f,45
0x48abc0ad,3435788.bmd,0xe2c4dfc7,13
0x48abc0ad,3435788.bmd,0xe54735f7,3
0x48abc0ad,3435788.bmd,0xe5bce2c4,4
0x48abc0ad,3435788.bmd,0xe5fb4b0f,37
0x48abc0ad,3435788.bmd,0xecf04a42,14
0x48abc0ad,3435788.bmd,0xf4f4477b,31
0x48abc0ad,3435788.bmd,0xfb177833,9
0x4a1fbe28,3952272.bmd,0x26677aa8,7
0x4a1fbe28,3952272.bmd,0x32293880,21
0x4a1fbe28,3952272.bmd,0x3b90013e,18
0x4a1fbe28,3952272.bmd,0x442619a2,4
0x4a1fbe28,3952272.bmd,0x4616635f,19
0x4a1fbe28,3952272.bmd,0x462fb076,15
0x4a1fbe28,3952272.bmd,0x62be501f,5
0x4a1fbe28,3952272.bmd,0x66dbfc08,22
0x4a1fbe28,3952272.bmd,0x6b078f15,24
0x4a1fbe28,3952272.bmd,0x7863d66f,9
0x4a1fbe28,3952272.bmd,0x84385ae4,25
0x4a1fbe28,3952272.bmd,0x96eb9269,23
0x4a1fbe28,3952272.bmd,0x984a8016,1
0x4a1fbe28,3952272.bmd,0xa861c87d,12
0x4a1fbe28,3952272.bmd,0xb240fbbb,16
0x4a1fbe28,3952272.bmd,0xbd9aa11d,11
0x4a1fbe28,3952272.bmd,0xbf502945,0
0x4a1fbe28,3952272.bmd,0xc2a364f7,6
0x4a1fbe28,3952272.bmd,0xc33d2df8,17
0x4a1fbe28,3952272.bmd,0xd6e2d156,14
0x4a1fbe28,3952272.bmd,0xe7d209a8,13
0x4a1fbe28,3952272.bmd,0xecb84d74,20
0x4a1fbe28,3952272.bmd,0xef10fad4,3
0x4a1fbe28,3952272.bmd,0xf75df0ee,10
0x4a1fbe28,3952272.bmd,0xfa13829d,2
0x4a1fbe28,3952272.bmd,0xfaf37ed6,8
0x56f32027,5668812.bmd,0x139b10e5,28
0x56f32027,5668812.bmd,0x1989dc45,24
0x56f32027,5668812.bmd,0x2078d870,25
0x56f32027,5668812.bmd,0x26677aa8,2
0x56f32027,5668812.bmd,0x2e15e413,21
0x56f32027,5668812.bmd,0x32293880,17
0x56f32027,5668812.bmd,0x34a1cc48,9
0x56f32027,5668812.bmd,0x3b90013e,14
0x56f32027,5668812.bmd,0x4616635f,15
0x56f32027,5668812.bmd,0x462fb076,11
0x56f32027,5668812.bmd,0x62be501f,29
0x56f32027,5668812.bmd,0x66dbfc08,18
0x56f32027,5668812.bmd,0x6b078f15,20
0x56f32027,5668812.bmd,0x7863d66f,4
0x56f32027,5668812.bmd,0x9581b950,23
0x56f32027,5668812.bmd,0x96eb9269,19
0x56f32027,5668812.bmd,0x984a8016,22
0x56f32027,5668812.bmd,0x98622745,3
0x56f32027,5668812.bmd,0xa861c87d,7
0x56f32027,5668812.bmd,0xb240fbbb,12
0x56f32027,5668812.bmd,0xbd9aa11d,6
0x56f32027,5668812.bmd,0xbf502945,26
0x56f32027,5668812.bmd,0xc33d2df8,13
0x56f32027,5668812.bmd,0xd6e2d156,10
0x56f32027,5668812.bmd,0xe6ad89a6,27
0x56f32027,5668812.bmd,0xe7d209a8,8
0x56f32027,5668812.bmd,0xecb84d74,16
0x56f32027,5668812.bmd,0xef10fad4,1
0x56f32027,5668812.bmd,0xf75df0ee,5
0x56f32027,5668812.bmd,0xfa13829d,0
0x65a80112,7683864.bmd,0x0fe2cafe,18
0x65a80112,7683864.bmd,0x1989dc45,2
0x65a80112,7683864.bmd,0x26677aa8,16
0x65a80112,7683864.bmd,0x32293880,31
0x65a80112,7683864.bmd,0x3b66435f,7
0x65a80112,7683864.bmd,0x3b90013e,28
0x65a80112,7683864.bmd,0x4616635f,29
0x65a80112,7683864.bmd,0x462fb076,25
0x65a80112,7683864.bmd,0x62be501f,4
0x65a80112,7683864.bmd,0x66dbfc08,10
0x65a80112,7683864.bmd,0x6b078f15,32
0x65a80112,7683864.bmd,0x7863d66f,20
0x65a80112,7683864.bmd,0x8419282e,13
0x65a80112,7683864.bmd,0x84385ae4,33
0x65a80112,7683864.bmd,0x9581b950,3
0x65a80112,7683864.bmd,0x96eb9269,17
0x65a80112,7683864.bmd,0x984a8016,14
0x65a80112,7683864.bmd,0xa6b9b4c7,9
0x65a80112,7683864.bmd,0xa861c87d,23
0x65a80112,7683864.bmd,0xb240fbbb,26
0x65a80112,7683864.bmd,0xbd9aa11d,22
0x65a80112,7683864.bmd,0xbf502945,15
0x65a80112,7683864.bmd,0xc1d09bdf,8
0x65a80112,7683864.bmd,0xc33d2df8,27
0x65a80112,7683864.bmd,0xcad9f527,12
0x65a80112,7683864.bmd,0xcbe2e5f4,11
0x65a80112,7683864.bmd,0xd6e2d156,5
0x65a80112,7683864.bmd,0xe7d209a8,24
0x65a80112,7683864.bmd,0xecb84d74,30
0x65a80112,7683864.bmd,0xef10fad4,1
0x65a80112,7683864.bmd,0xf6c2fed0,6
0x65a80112,7683864.bmd,0xf75df0ee,21
0x65a80112,7683864.bmd,0xfa13829d,0
0x65a80112,7683864.bmd,0xfaf37ed6,19
0x6c0c243b,7849040.bmd,0x14c5ba24,3
0x6c0c243b,7849040.bmd,0x26677aa8,4
0x6c0c243b,7849040.bmd,0x32293880,28
0x6c0c243b,7849040.bmd,0x3b90013e,25
0x6c0c243b,7849040.bmd,0x3cb8e6d5,11
0x6c0c243b,7849040.bmd,0x4616635f,26
0x6c0c243b,7849040.bmd,0x462fb076,22
0x6c0c243b,7849040.bmd,0x62be501f,8
0x6c0c243b,7849040.bmd,0x66dbfc08,13
0x6c0c243b,7849040.bmd,0x6b078f15,29
0x6c0c243b,7849040.bmd,0x6c2109d8,14
0x6c0c243b,7849040.bmd,0x7863d66f,17
0x6c0c243b,7849040.bmd,0x8419282e,0
0x6c0c243b,7849040.bmd,0x84385ae4,30
0x6c0c243b,7849040.bmd,0x96eb9269,15
0x6c0c243b,7849040.bmd,0x984a8016,5
0x6c0c243b,7849040.bmd,0xa861c87d,20
0x6c0c243b,7849040.bmd,0xb240fbbb,23
0x6c0c243b,7849040.bmd,0xbd9aa11d,19
0x6c0c243b,7849040.bmd,0xbf502945,6
0x6c0c243b,7849040.bmd,0xc33d2df8,24
0x6c0c243b,7849040.bmd,0xcad9f527,12
0x6c0c243b,7849040.bmd,0xcbe2e5f4,7
0x6c0c243b,7849040.bmd,0xd6e2d156,9
0x6c0c243b,7849040.bmd,0xe6ad89a6,10
0x6c0c243b,7849040.bmd,0xe7d209a8,21
0x6c0c243b,7849040.bmd,0xecb84d74,27
0x6c0c243b,7849040.bmd,0xef10fad4,2
0x6c0c243b,7849040.bmd,0xf75df0ee,18
0x6c0c243b,7849040.bmd,0xfa13829d,1
0x6c0c243b,7849040.bmd,0xfaf37ed6,16
0x6ee16725,7931836.bmd,0x0d7bc808,11
0x6ee16725,7931836.bmd,0x0fe2cafe,13
0x6ee16725,7931836.bmd,0x26677aa8,14
0x6ee16725,7931836.bmd,0x32293880,28
0x6ee16725,7931836.bmd,0x3b66435f,8
0x6ee16725,7931836.bmd,0x3b90013e,25
0x6ee16725,7931836.bmd,0x4616635f,26
0x6ee16725,7931836.bmd,0x462fb076,22
0x6ee16725,7931836.bmd,0x62be501f,9
0x6ee16725,7931836.bmd,0x66dbfc08,12
0x6ee16725,7931836.bmd,0x6b078f15,30
0x6ee16725,7931836.bmd,0x6ec7a7f2,0
0x6ee16725,7931836.bmd,0x70844930,10
0x6ee16725,7931836.bmd,0x7863d66f,16
0x6ee16725,7931836.bmd,0x8419282e,2
0x6ee16725,7931836.bmd,0x84385ae4,31
0x6ee16725,7931836.bmd,0x96eb9269,29
0x6ee16725,7931836.bmd,0x98622745,3
0x6ee16725,7931836.bmd,0xa861c87d,19
0x6ee16725,7931836.bmd,0xb240fbbb,23
0x6ee16725,7931836.bmd,0xbd9aa11d,18
0x6ee16725,7931836.bmd,0xbf42caac,5
0x6ee16725,7931836.bmd,0xbf502945,1
0x6ee16725,7931836.bmd,0xc33d2df8,24
0x6ee16725,7931836.bmd,0xd1cae624,4
0x6ee16725,7931836.bmd,0xd6e2d156,21
0x6ee16725,7931836.bmd,0xe7d209a8,20
0x6ee16725,7931836.bmd,0xecb84d74,27
0x6ee16725,7931836.bmd,0xef10fad4,7
0x6ee16725,7931836.bmd,0xf75df0ee,17
0x6ee16725,7931836.bmd,0xfa13829d,6
0x6ee16725,7931836.bmd,0xfaf37ed6,15
0x72cf3e5f,8014292.bmd,0x129da472,0
0x72cf3e5f,8014292.bmd,0x4b28c329,2
0x72cf3e5f,8014292.bmd,0x5b7f2540,3
0x72cf3e5f,8014292.bmd,0xef10fad4,1
0x7f05db54,8179364.bmd,0x14c5ba24,3
0x7f05db54,8179364.bmd,0x26677aa8,12
0x7f05db54,8179364.bmd,0x32293880,26
0x7f05db54,8179364.bmd,0x3b90013e,23
0x7f05db54,8179364.bmd,0x4616635f,24
0x7f05db54,8179364.bmd,0x462fb076,20
0x7f05db54,8179364.bmd,0x62be501f,8
0x7f05db54,8179364.bmd,0x66dbfc08,9
0x7f05db54,8179364.bmd,0x6b078f15,28
0x7f05db54,8179364.bmd,0x7863d66f,15
0x7f05db54,8179364.bmd,0x8419282e,1
0x7f05db54,8179364.bmd,0x84385ae4,29
0x7f05db54,8179364.bmd,0x96eb9269,27
0x7f05db54,8179364.bmd,0x984a8016,0
0x7f05db54,8179364.bmd,0xa77538e6,14
0x7f05db54,8179364.bmd,0xa861c87d,18
0x7f05db54,8179364.bmd,0xb240fbbb,21
0x7f05db54,8179364.bmd,0xbd9aa11d,17
0x7f05db54,8179364.bmd,0xbf502945,6
0x7f05db54,8179364.bmd,0xc33d2df8,22
0x7f05db54,8179364.bmd,0xcad9f527,7
0x7f05db54,8179364.bmd,0xcbe2e5f4,2
0x7f05db54,8179364.bmd,0xd6e2d156,11
0x7f05db54,8179364.bmd,0xe6ad89a6,5
0x7f05db54,8179364.bmd,0xe7d209a8,19
0x7f05db54,8179364.bmd,0xecb84d74,25
0x7f05db54,8179364.bmd,0xef10fad4,4
0x7f05db54,8179364.bmd,0xf75df0ee,16
0x7f05db54,8179364.bmd,0xfa13829d,10
0x7f05db54,8179364.bmd,0xfaf37ed6,13
0x87065c54,8301872.bmd,0x15c7f38d,8
0x87065c54,8301872.bmd,0x1fbe267f,4
0x87065c54,8301872.bmd,0x24a29756,18
0x87065c54,8301872.bmd,0x2e6112bf,0
0x87065c54,8301872.bmd,0x2f096eca,7
0x87065c54,8301872.bmd,0x2f8fdaaa,27
0x87065c54,8301872.bmd,0x37a0fef1,26
0x87065c54,8301872.bmd,0x3d367676,10
0x87065c54,8301872.bmd,0x3fce5862,5
0x87065c54,8301872.bmd,0x40d2dedc,23
0x87065c54,8301872.bmd,0x50a635b7,17
0x87065c54,8301872.bmd,0x5738e448,22
0x87065c54,8301872.bmd,0x60ec6ddd,1
0x87065c54,8301872.bmd,0x6381bf1b,11
0x87065c54,8301872.bmd,0x6c7dcc23,19
0x87065c54,8301872.bmd,0x6fd91db3,29
0x87065c54,8301872.bmd,0x7f0661b2,15
0x87065c54,8301872.bmd,0x8b8df0df,30
0x87065c54,8301872.bmd,0x8c91e142,16
0x87065c54,8301872.bmd,0x8d5e865d,2
0x87065c54,8301872.bmd,0xa13d6122,6
0x87065c54,8301872.bmd,0xa753670b,14
0x87065c54,8301872.bmd,0xb1229935,3
0x87065c54,8301872.bmd,0xb2d31abe,28
0x87065c54,8301872.bmd,0xc1067c46,12
0x87065c54,8301872.bmd,0xc996b0b5,9
0x87065c54,8301872.bmd,0xcd4901fd,20
0x87065c54,8301872.bmd,0xde430c88,25
0x87065c54,8301872.bmd,0xf46e9681,21
0x87065c54,8301872.bmd,0xf4f4477b,13
0x87065c54,8301872.bmd,0xfb177833,24
0x875d53ac,8362104.bmd,0x0073dfe8,51
0x875d53ac,8362104.bmd,0x0091593c,44
0x875d53ac,8362104.bmd,0x074dd133,47
0x875d53ac,8362104.bmd,0x0a3d1e0d,22
0x875d53ac,8362104.bmd,0x1691c8a9,30
0x875d53ac,8362104.bmd,0x17f1ee63,40
0x875d53ac,8362104.bmd,0x23062071,52
0x875d53ac,8362104.bmd,0x24a29756,23
0x875d53ac,8362104.bmd,0x2a31149f,0
0x875d53ac,8362104.bmd,0x2f8fdaaa,35
0x875d53ac,8362104.bmd,0x32b64004,12
0x875d53ac,8362104.bmd,0x3505b14a,53
0x875d53ac,8362104.bmd,0x351c022d,37
0x875d53ac,8362104.bmd,0x3aa60819,3
0x875d53ac,8362104.bmd,0x3b2897a8,36
0x875d53ac,8362104.bmd,0x475fc772,29
0x875d53ac,8362104.bmd,0x485bd8d5,33
0x875d53ac,8362104.bmd,0x5a06665a,34
0x875d53ac,8362104.bmd,0x5a60641e,13
0x875d53ac,8362104.bmd,0x60103630,14
0x875d53ac,8362104.bmd,0x630f9c99,24
0x875d53ac,8362104.bmd,0x6381bf1b,19
0x875d53ac,8362104.bmd,0x63fed6a3,10
0x875d53ac,8362104.bmd,0x683c3069,41
0x875d53ac,8362104.bmd,0x6c9243f3,48
0x875d53ac,8362104.bmd,0x6f694bc4,42
0x875d53ac,8362104.bmd,0x768724ab,6
0x875d53ac,8362104.bmd,0x81d3c415,25
0x875d53ac,8362104.bmd,0x85d59ad4,7
0x875d53ac,8362104.bmd,0x8a9394bf,26
0x875d53ac,8362104.bmd,0x8b87205e,50
0x875d53ac,8362104.bmd,0x8b8df0df,21
0x875d53ac,8362104.bmd,0x8c91e142,46
0x875d53ac,8362104.bmd,0x92fdaeb0,49
0x875d53ac,8362104.bmd,0x9c73bc2e,8
0x875d53ac,8362104.bmd,0xa14813e2,39
0x875d53ac,8362104.bmd,0xa3bba583,4
0x875d53ac,8362104.bmd,0xa405db5e,54
0x875d53ac,8362104.bmd,0xa4d2c149,27
0x875d53ac,8362104.bmd,0xa6ed6931,38
0x875d53ac,8362104.bmd,0xa81af21d,31
0x875d53ac,8362104.bmd,0xac50df86,15
0x875d53ac,8362104.bmd,0xc1067c46,20
0x875d53ac,8362104.bmd,0xc244c907,5
0x875d53ac,8362104.bmd,0xc94f37a6,28
0x875d53ac,8362104.bmd,0xce513401,1
0x875d53ac,8362104.bmd,0xe2c4dfc7,11
0x875d53ac,8362104.bmd,0xe54735f7,2
0x875d53ac,8362104.bmd,0xe5bce2c4,18
0x875d53ac,8362104.bmd,0xe5fb4b0f,32
0x875d53ac,8362104.bmd,0xeac2ee65,43
0x875d53ac,8362104.bmd,0xeb4f8f54,17
0x875d53ac,8362104.bmd,0xecf04a42,16
0x875d53ac,8362104.bmd,0xf4f4477b,45
0x875d53ac,8362104.bmd,0xfb177833,9
0x89402c2a,8502604.bmd,0x34a1cc48,0
0x8b403116,8583196.bmd,0x043a762b,39
0x8b403116,8583196.bmd,0x09edba1a,45
0x8b403116,8583196.bmd,0x12bf557b,2
0x8b403116,8583196.bmd,0x14c611ec,46
0x8b403116,8583196.bmd,0x1c8bc0fe,4
0x8b403116,8583196.bmd,0x24d8c2fa,8
0x8b403116,8583196.bmd,0x323d5153,26
0x8b403116,8583196.bmd,0x37c9f4db,10
0x8b403116,8583196.bmd,0x3b3124cf,0
0x8b403116,8583196.bmd,0x512f3e8b,34
0x8b403116,8583196.bmd,0x5a06665a,1
0x8b403116,8583196.bmd,0x5f1bab0e,35
0x8b403116,8583196.bmd,0x61e58945,22
0x8b403116,8583196.bmd,0x63090790,48
0x8b403116,8583196.bmd,0x630f9c99,12
0x8b403116,8583196.bmd,0x6577721d,43
0x8b403116,8583196.bmd,0x6af0feed,42
0x8b403116,8583196.bmd,0x760bb013,29
0x8b403116,8583196.bmd,0x806c1f68,40
0x8b403116,8583196.bmd,0x81d3c415,11
0x8b403116,8583196.bmd,0x85d59ad4,24
0x8b403116,8583196.bmd,0x8a9394bf,27
0x8b403116,8583196.bmd,0x8b5d90e1,28
0x8b403116,8583196.bmd,0x8b8df0df,31
0x8b403116,8583196.bmd,0x8c91e142,23
0x8b403116,8583196.bmd,0x8d1ca536,41
0x8b403116,8583196.bmd,0x933523be,19
0x8b403116,8583196.bmd,0x9548c1f4,38
0x8b403116,8583196.bmd,0x96c07daa,47
0x8b403116,8583196.bmd,0x9aeca930,51
0x8b403116,8583196.bmd,0xa343e053,49
0x8b403116,8583196.bmd,0xa4d2c149,21
0x8b403116,8583196.bmd,0xa6b72ce0,36
0x8b403116,8583196.bmd,0xab1bb70a,20
0x8b403116,8583196.bmd,0xb8e211b4,17
0x8b403116,8583196.bmd,0xba8a0448,6
0x8b403116,8583196.bmd,0xbfc69b4c,15
0x8b403116,8583196.bmd,0xc14b10d7,16
0x8b403116,8583196.bmd,0xc28dbe6f,44
0x8b403116,8583196.bmd,0xc62bb164,5
0x8b403116,8583196.bmd,0xc73fabcc,30
0x8b403116,8583196.bmd,0xc9272c4f,9
0x8b403116,8583196.bmd,0xc93be868,18
0x8b403116,8583196.bmd,0xd6123125,32
0x8b403116,8583196.bmd,0xd7aee14d,13
0x8b403116,8583196.bmd,0xde24c442,50
0x8b403116,8583196.bmd,0xe2eda162,33
0x8b403116,8583196.bmd,0xe5fb4b0f,7
0x8b403116,8583196.bmd,0xeb13d295,3
0x8b403116,8583196.bmd,0xf4f4477b,14
0x8b403116,8583196.bmd,0xfb177833,37
0x8b403116,8583196.bmd,0xfe16b96a,25
0x8d4e804b,8786604.bmd,0x0073dfe8,48
0x8d4e804b,8786604.bmd,0x074dd133,51
0x8d4e804b,8786604.bmd,0x0a3d1e0d,22
0x8d4e804b,8786604.bmd,0x0adcfdb1,36
0x8d4e804b,8786604.bmd,0x17f1ee63,34
0x8d4e804b,8786604.bmd,0x24a29756,24
0x8d4e804b,8786604.bmd,0x2a31149f,0
0x8d4e804b,8786604.bmd,0x2f8fdaaa,29
0x8d4e804b,8786604.bmd,0x2fe574ab,17
0x8d4e804b,8786604.bmd,0x32b64004,16
0x8d4e804b,8786604.bmd,0x3505b14a,52
0x8d4e804b,8786604.bmd,0x351c022d,32
0x8d4e804b,8786604.bmd,0x3aa60819,2
0x8d4e804b,8786604.bmd,0x3b2897a8,33
0x8d4e804b,8786604.bmd,0x3b3124cf,53
0x8d4e804b,8786604.bmd,0x45c9810f,42
0x8d4e804b,8786604.bmd,0x485bd8d5,30
0x8d4e804b,8786604.bmd,0x5738e448,31
0x8d4e804b,8786604.bmd,0x59a8c759,47
0x8d4e804b,8786604.bmd,0x5a60641e,14
0x8d4e804b,8786604.bmd,0x60103630,11
0x8d4e804b,8786604.bmd,0x630f9c99,25
0x8d4e804b,8786604.bmd,0x6381bf1b,19
0x8d4e804b,8786604.bmd,0x63fed6a3,15
0x8d4e804b,8786604.bmd,0x683c3069,41
0x8d4e804b,8786604.bmd,0x6c9243f3,54
0x8d4e804b,8786604.bmd,0x6f694bc4,40
0x8d4e804b,8786604.bmd,0x6fe64b4f,23
0x8d4e804b,8786604.bmd,0x768724ab,12
0x8d4e804b,8786604.bmd,0x80d3309a,49
0x8d4e804b,8786604.bmd,0x81d3c415,26
0x8d4e804b,8786604.bmd,0x85d59ad4,13
0x8d4e804b,8786604.bmd,0x8a9394bf,27
0x8d4e804b,8786604.bmd,0x8b87205e,55
0x8d4e804b,8786604.bmd,0x8b8df0df,21
0x8d4e804b,8786604.bmd,0x8c91e142,46
0x8d4e804b,8786604.bmd,0x8e5ad5b9,44
0x8d4e804b,8786604.bmd,0x9734768d,43
0x8d4e804b,8786604.bmd,0x9c73bc2e,8
0x8d4e804b,8786604.bmd,0xa0051abc,39
0x8d4e804b,8786604.bmd,0xa14813e2,56
0x8d4e804b,8786604.bmd,0xa3bba583,4
0x8d4e804b,8786604.bmd,0xa4d2c149,35
0x8d4e804b,8786604.bmd,0xa753670b,38
0x8d4e804b,8786604.bmd,0xac50df86,7
0x8d4e804b,8786604.bmd,0xc1067c46,20
0x8d4e804b,8786604.bmd,0xc244c907,5
0x8d4e804b,8786604.bmd,0xc73fabcc,50
0x8d4e804b,8786604.bmd,0xce513401,1
0x8d4e804b,8786604.bmd,0xe2c4dfc7,9
0x8d4e804b,8786604.bmd,0xe54735f7,3
0x8d4e804b,8786604.bmd,0xe5bce2c4,18
0x8d4e804b,8786604.bmd,0xe5fb4b0f,28
0x8d4e804b,8786604.bmd,0xecf04a42,10
0x8d4e804b,8786604.bmd,0xf4f4477b,45
0x8d4e804b,8786604.bmd,0xf94118fe,37
0x8d4e804b,8786604.bmd,0xfb177833,6
0x8dbda6a7,8935020.bmd,0x03b81854,18
0x8dbda6a7,8935020.bmd,0x0fe2cafe,16
0x8dbda6a7,8935020.bmd,0x129da472,15
0x8dbda6a7,8935020.bmd,0x14c5ba24,1
0x8dbda6a7,8935020.bmd,0x32293880,33
0x8dbda6a7,8935020.bmd,0x3b90013e,30
0x8dbda6a7,8935020.bmd,0x4616635f,31
0x8dbda6a7,8935020.bmd,0x462fb076,27
0x8dbda6a7,8935020.bmd,0x4b28c329,20
0x8dbda6a7,8935020.bmd,0x4f807497,10
0x8dbda6a7,8935020.bmd,0x5b7f2540,21
0x8dbda6a7,8935020.bmd,0x62be501f,7
0x8dbda6a7,8935020.bmd,0x66dbfc08,8
0x8dbda6a7,8935020.bmd,0x6b078f15,34
0x8dbda6a7,8935020.bmd,0x6ecbf5d1,13
0x8dbda6a7,8935020.bmd,0x70921b51,9
0x8dbda6a7,8935020.bmd,0x7863d66f,22
0x8dbda6a7,8935020.bmd,0x8419282e,0
0x8dbda6a7,8935020.bmd,0x84385ae4,35
0x8dbda6a7,8935020.bmd,0x949b8969,14
0x8dbda6a7,8935020.bmd,0x96eb9269,17
0x8dbda6a7,8935020.bmd,0x984a8016,3
0x8dbda6a7,8935020.bmd,0xa77538e6,12
0x8dbda6a7,8935020.bmd,0xa861c87d,25
0x8dbda6a7,8935020.bmd,0xb240fbbb,28
0x8dbda6a7,8935020.bmd,0xbd9aa11d,24
0x8dbda6a7,8935020.bmd,0xbf502945,4
0x8dbda6a7,8935020.bmd,0xc33d2df8,29
0x8dbda6a7,8935020.bmd,0xcbe2e5f4,11
0x8dbda6a7,8935020.bmd,0xd6e2d156,6
0x8dbda6a7,8935020.bmd,0xe7d209a8,26
0x8dbda6a7,8935020.bmd,0xecb84d74,32
0x8dbda6a7,8935020.bmd,0xef10fad4,2
0x8dbda6a7,8935020.bmd,0xf75df0ee,23
0x8dbda6a7,8935020.bmd,0xfa13829d,5
0x8dbda6a7,8935020.bmd,0xfaf37ed6,19
0x8f50c602,9088136.bmd,0x03b81854,7
0x8f50c602,9088136.bmd,0x32293880,23
0x8f50c602,9088136.bmd,0x3b90013e,20
0x8f50c602,9088136.bmd,0x4616635f,21
0x8f50c602,9088136.bmd,0x462fb076,17
0x8f50c602,9088136.bmd,0x62be501f,6
0x8f50c602,9088136.bmd,0x66dbfc08,24
0x8f50c602,9088136.bmd,0x6b078f15,26
0x8f50c602,9088136.bmd,0x6ecbf5d1,5
0x8f50c602,9088136.bmd,0x7863d66f,11
0x8f50c602,9088136.bmd,0x8419282e,4
0x8f50c602,9088136.bmd,0x84385ae4,27
0x8f50c602,9088136.bmd,0x96eb9269,25
0x8f50c602,9088136.bmd,0x984a8016,2
0x8f50c602,9088136.bmd,0xa6b9b4c7,9
0x8f50c602,9088136.bmd,0xa861c87d,14
0x8f50c602,9088136.bmd,0xb240fbbb,18
0x8f50c602,9088136.bmd,0xbd9aa11d,13
0x8f50c602,9088136.bmd,0xbf502945,3
0x8f50c602,9088136.bmd,0xc1d09bdf,8
0x8f50c602,9088136.bmd,0xc33d2df8,19
0x8f50c602,9088136.bmd,0xd6e2d156,16
0x8f50c602,9088136.bmd,0xe7d209a8,15
0x8f50c602,9088136.bmd,0xecb84d74,22
0x8f50c602,9088136.bmd,0xef10fad4,1
0x8f50c602,9088136.bmd,0xf75df0ee,12
0x8f50c602,9088136.bmd,0xfa13829d,0
0x8f50c602,9088136.bmd,0xfaf37ed6,10
0x90d56d09,9165008.bmd,0x15c7f38d,8
0x90d56d09,9165008.bmd,0x1fbe267f,4
0x90d56d09,9165008.bmd,0x24a29756,18
0x90d56d09,9165008.bmd,0x2e6112bf,0
0x90d56d09,9165008.bmd,0x2f096eca,7
0x90d56d09,9165008.bmd,0x2f8fdaaa,27
0x90d56d09,9165008.bmd,0x37a0fef1,26
0x90d56d09,9165008.bmd,0x3d367676,10
0x90d56d09,9165008.bmd,0x3fce5862,5
0x90d56d09,9165008.bmd,0x40d2dedc,23
0x90d56d09,9165008.bmd,0x50a635b7,17
0x90d56d09,9165008.bmd,0x5738e448,22
0x90d56d09,9165008.bmd,0x60ec6ddd,1
0x90d56d09,9165008.bmd,0x6381bf1b,11
0x90d56d09,9165008.bmd,0x6c7dcc23,19
0x90d56d09,9165008.bmd,0x6fd91db3,29
0x90d56d09,9165008.bmd,0x7f0661b2,15
0x90d56d09,9165008.bmd,0x8b8df0df,30
0x90d56d09,9165008.bmd,0x8c91e142,16
0x90d56d09,9165008.bmd,0x8d5e865d,2
0x90d56d09,9165008.bmd,0xa13d6122,6
0x90d56d09,9165008.bmd,0xa753670b,14
0x90d56d09,9165008.bmd,0xb1229935,3
0x90d56d09,9165008.bmd,0xb2d31abe,28
0x90d56d09,9165008.bmd,0xc1067c46,12
0x90d56d09,9165008.bmd,0xc996b0b5,9
0x90d56d09,9165008.bmd,0xcd4901fd,20
0x90d56d09,9165008.bmd,0xde430c88,25
0x90d56d09,9165008.bmd,0xf46e9681,21
0x90d56d09,9165008.bmd,0xf4f4477b,13
0x90d56d09,9165008.bmd,0xfb177833,24
0x99692785,9772676.bmd,0x001e671c,32
0x99692785,9772676.bmd,0x09edba1a,5
0x99692785,9772676.bmd,0x0e2af299,10
0x99692785,9772676.bmd,0x14c611ec,1
0x99692785,9772676.bmd,0x24d8c2fa,16
0x99692785,9772676.bmd,0x32597600,36
0x99692785,9772676.bmd,0x37c9f4db,39
0x99692785,9772676.bmd,0x45c41aec,35
0x99692785,9772676.bmd,0x4b10597f,28
0x99692785,9772676.bmd,0x512f3e8b,20
0x99692785,9772676.bmd,0x5f1bab0e,19
0x99692785,9772676.bmd,0x61e58945,41
0x99692785,9772676.bmd,0x63090790,7
0x99692785,9772676.bmd,0x6577721d,0
0x99692785,9772676.bmd,0x65c2b6ab,42
0x99692785,9772676.bmd,0x6af0feed,13
0x99692785,9772676.bmd,0x784b0ec7,27
0x99692785,9772676.bmd,0x7e703cc2,40
0x99692785,9772676.bmd,0x7f0661b2,11
0x99692785,9772676.bmd,0x806c1f68,3
0x99692785,9772676.bmd,0x8a9394bf,37
0x99692785,9772676.bmd,0x8b8df0df,25
0x99692785,9772676.bmd,0x8d1ca536,6
0x99692785,9772676.bmd,0x933523be,29
0x99692785,9772676.bmd,0x96c07daa,33
0x99692785,9772676.bmd,0x9f562e8d,38
0x99692785,9772676.bmd,0xa24c29f6,34
0x99692785,9772676.bmd,0xa343e053,22
0x99692785,9772676.bmd,0xa4d2c149,9
0x99692785,9772676.bmd,0xa6b72ce0,21
0x99692785,9772676.bmd,0xab1bb70a,30
0x99692785,9772676.bmd,0xac78bc73,26
0x99692785,9772676.bmd,0xb8e211b4,2
0x99692785,9772676.bmd,0xba8a0448,14
0x99692785,9772676.bmd,0xc28dbe6f,4
0x99692785,9772676.bmd,0xc62bb164,24
0x99692785,9772676.bmd,0xc93be868,8
0x99692785,9772676.bmd,0xd6123125,18
0x99692785,9772676.bmd,0xd7aee14d,23
0x99692785,9772676.bmd,0xde24c442,17
0x99692785,9772676.bmd,0xe5fb4b0f,15
0x99692785,9772676.bmd,0xf7867577,31
0x99692785,9772676.bmd,0xfe16b96a,12
0x9c59396d,9947992.bmd,0x03b81854,18
0x9c59396d,9947992.bmd,0x15151c0d,11
0x9c59396d,9947992.bmd,0x2078d870,6
0x9c59396d,9947992.bmd,0x32293880,31
0x9c59396d,9947992.bmd,0x3b66435f,15
0x9c59396d,9947992.bmd,0x3b8e3a61,9
0x9c59396d,9947992.bmd,0x3b90013e,28
0x9c59396d,9947992.bmd,0x4616635f,29
0x9c59396d,9947992.bmd,0x462fb076,25
0x9c59396d,9947992.bmd,0x477b7081,12
0x9c59396d,9947992.bmd,0x554d97b9,10
0x9c59396d,9947992.bmd,0x62be501f,5
0x9c59396d,9947992.bmd,0x66dbfc08,32
0x9c59396d,9947992.bmd,0x6b078f15,33
0x9c59396d,9947992.bmd,0x7832ec9d,7
0x9c59396d,9947992.bmd,0x7863d66f,20
0x9c59396d,9947992.bmd,0x84385ae4,34
0x9c59396d,9947992.bmd,0x949b8969,17
0x9c59396d,9947992.bmd,0x96eb9269,2
0x9c59396d,9947992.bmd,0x984a8016,0
0x9c59396d,9947992.bmd,0xa6b9b4c7,14
0x9c59396d,9947992.bmd,0xa861c87d,23
0x9c59396d,9947992.bmd,0xb240fbbb,26
0x9c59396d,9947992.bmd,0xbd9aa11d,22
0x9c59396d,9947992.bmd,0xbf502945,1
0x9c59396d,9947992.bmd,0xc1d09bdf,13
0x9c59396d,9947992.bmd,0xc33d2df8,27
0x9c59396d,9947992.bmd,0xd6e2d156,8
0x9c59396d,9947992.bmd,0xe4fca5a7,16
0x9c59396d,9947992.bmd,0xe7d209a8,24
0x9c59396d,9947992.bmd,0xecb84d74,30
0x9c59396d,9947992.bmd,0xef10fad4,4
0x9c59396d,9947992.bmd,0xf75df0ee,21
0x9c59396d,9947992.bmd,0xfa13829d,3
0x9c59396d,9947992.bmd,0xfaf37ed6,19
0x9d99e0b1,10033984.bmd,0x0073dfe8,8
0x9d99e0b1,10033984.bmd,0x0091593c,10
0x9d99e0b1,10033984.bmd,0x0adcfdb1,4
0x9d99e0b1,10033984.bmd,0x2a31149f,1
0x9d99e0b1,10033984.bmd,0x3aa60819,2
0x9d99e0b1,10033984.bmd,0x5a06665a,11
0x9d99e0b1,10033984.bmd,0x6f694bc4,6
0x9d99e0b1,10033984.bmd,0x9734768d,7
0x9d99e0b1,10033984.bmd,0xa0051abc,5
0x9d99e0b1,10033984.bmd,0xce513401,0
0x9d99e0b1,10033984.bmd,0xd8e64dbb,9
0x9d99e0b1,10033984.bmd,0xe5bce2c4,3
0x9eb459c8,10161640.bmd,0x0d7bc808,6
0x9eb459c8,10161640.bmd,0x0fe2cafe,12
0x9eb459c8,10161640.bmd,0x139b10e5,14
0x9eb459c8,10161640.bmd,0x14c5ba24,13
0x9eb459c8,10161640.bmd,0x2078d870,10
0x9eb459c8,10161640.bmd,0x26677aa8,17
0x9eb459c8,10161640.bmd,0x32293880,30
0x9eb459c8,10161640.bmd,0x3b90013e,27
0x9eb459c8,10161640.bmd,0x4616635f,28
0x9eb459c8,10161640.bmd,0x462fb076,24
0x9eb459c8,10161640.bmd,0x62be501f,4
0x9eb459c8,10161640.bmd,0x66dbfc08,16
0x9eb459c8,10161640.bmd,0x6b078f15,32
0x9eb459c8,10161640.bmd,0x70844930,5
0x9eb459c8,10161640.bmd,0x7863d66f,19
0x9eb459c8,10161640.bmd,0x8419282e,11
0x9eb459c8,10161640.bmd,0x84385ae4,33
0x9eb459c8,10161640.bmd,0x96eb9269,31
0x9eb459c8,10161640.bmd,0x984a8016,0
0x9eb459c8,10161640.bmd,0xa77538e6,9
0x9eb459c8,10161640.bmd,0xa861c87d,22
0x9eb459c8,10161640.bmd,0xb240fbbb,25
0x9eb459c8,10161640.bmd,0xbd9aa11d,21
0x9eb459c8,10161640.bmd,0xbf502945,1
0x9eb459c8,10161640.bmd,0xc2a364f7,7
0x9eb459c8,10161640.bmd,0xc33d2df8,26
0x9eb459c8,10161640.bmd,0xcad9f527,15
0x9eb459c8,10161640.bmd,0xd6e2d156,8
0x9eb459c8,10161640.bmd,0xe7d209a8,23
0x9eb459c8,10161640.bmd,0xecb84d74,29
0x9eb459c8,10161640.bmd,0xef10fad4,3
0x9eb459c8,10161640.bmd,0xf75df0ee,20
0x9eb459c8,10161640.bmd,0xfa13829d,2
0x9eb459c8,10161640.bmd,0xfaf37ed6,18
0xa0e77938,10265108.bmd,0x26677aa8,14
0xa0e77938,10265108.bmd,0x2e15e413,2
0xa0e77938,10265108.bmd,0x32293880,27
0xa0e77938,10265108.bmd,0x3b66435f,10
0xa0e77938,10265108.bmd,0x3b90013e,24
0xa0e77938,10265108.bmd,0x4616635f,25
0xa0e77938,10265108.bmd,0x462fb076,21
0xa0e77938,10265108.bmd,0x62be501f,11
0xa0e77938,10265108.bmd,0x66dbfc08,28
0xa0e77938,10265108.bmd,0x6b078f15,30
0xa0e77938,10265108.bmd,0x6ec7a7f2,7
0xa0e77938,10265108.bmd,0x7863d66f,16
0xa0e77938,10265108.bmd,0x8419282e,1
0xa0e77938,10265108.bmd,0x84385ae4,31
0xa0e77938,10265108.bmd,0x96eb9269,29
0xa0e77938,10265108.bmd,0x98622745,13
0xa0e77938,10265108.bmd,0xa6b9b4c7,9
0xa0e77938,10265108.bmd,0xa861c87d,19
0xa0e77938,10265108.bmd,0xb240fbbb,22
0xa0e77938,10265108.bmd,0xbd9aa11d,18
0xa0e77938,10265108.bmd,0xbf42caac,6
0xa0e77938,10265108.bmd,0xbf502945,0
0xa0e77938,10265108.bmd,0xc1d09bdf,8
0xa0e77938,10265108.bmd,0xc33d2df8,23
0xa0e77938,10265108.bmd,0xd1cae624,5
0xa0e77938,10265108.bmd,0xd6e2d156,12
0xa0e77938,10265108.bmd,0xe7d209a8,20
0xa0e77938,10265108.bmd,0xecb84d74,26
0xa0e77938,10265108.bmd,0xef10fad4,4
0xa0e77938,10265108.bmd,0xf75df0ee,17
0xa0e77938,10265108.bmd,0xfa13829d,3
0xa0e77938,10265108.bmd,0xfaf37ed6,15
0xa11c7462,10339344.bmd,0x001e671c,23
0xa11c7462,10339344.bmd,0x09edba1a,9
0xa11c7462,10339344.bmd,0x0defce9d,32
0xa11c7462,10339344.bmd,0x0e2af299,21
0xa11c7462,10339344.bmd,0x1243d993,31
0xa11c7462,10339344.bmd,0x14c611ec,1
0xa11c7462,10339344.bmd,0x1c8bc0fe,30
0xa11c7462,10339344.bmd,0x24d8c2fa,13
0xa11c7462,10339344.bmd,0x4b10597f,39
0xa11c7462,10339344.bmd,0x512f3e8b,28
0xa11c7462,10339344.bmd,0x5f1bab0e,27
0xa11c7462,10339344.bmd,0x63090790,5
0xa11c7462,10339344.bmd,0x630f9c99,37
0xa11c7462,10339344.bmd,0x6577721d,0
0xa11c7462,10339344.bmd,0x6af0feed,10
0xa11c7462,10339344.bmd,0x784b0ec7,40
0xa11c7462,10339344.bmd,0x7f0661b2,24
0xa11c7462,10339344.bmd,0x806c1f68,4
0xa11c7462,10339344.bmd,0x81d3c415,38
0xa11c7462,10339344.bmd,0x8a9394bf,3
0xa11c7462,10339344.bmd,0x8b8df0df,36
0xa11c7462,10339344.bmd,0x8d1ca536,7
0xa11c7462,10339344.bmd,0x933523be,16
0xa11c7462,10339344.bmd,0x96c07daa,6
0xa11c7462,10339344.bmd,0xa24c29f6,19
0xa11c7462,10339344.bmd,0xa343e053,33
0xa11c7462,10339344.bmd,0xa4d2c149,18
0xa11c7462,10339344.bmd,0xa6b72ce0,29
0xa11c7462,10339344.bmd,0xa86cbe93,41
0xa11c7462,10339344.bmd,0xab1bb70a,17
0xa11c7462,10339344.bmd,0xac78bc73,20
0xa11c7462,10339344.bmd,0xb8e211b4,2
0xa11c7462,10339344.bmd,0xba8a0448,11
0xa11c7462,10339344.bmd,0xc28dbe6f,8
0xa11c7462,10339344.bmd,0xc62bb164,35
0xa11c7462,10339344.bmd,0xc93be868,15
0xa11c7462,10339344.bmd,0xd6123125,26
0xa11c7462,10339344.bmd,0xd7aee14d,34
0xa11c7462,10339344.bmd,0xde24c442,14
0xa11c7462,10339344.bmd,0xe5fb4b0f,12
0xa11c7462,10339344.bmd,0xf7867577,22
0xa11c7462,10339344.bmd,0xfe16b96a,25
0xa20a199d,10503564.bmd,0x12d2008b,11
0xa20a199d,10503564.bmd,0x26677aa8,1
0xa20a199d,10503564.bmd,0x32293880,26
0xa20a199d,10503564.bmd,0x3b90013e,23
0xa20a199d,10503564.bmd,0x4616635f,24
0xa20a199d,10503564.bmd,0x462fb076,20
0xa20a199d,10503564.bmd,0x62be501f,8
0xa20a199d,10503564.bmd,0x66dbfc08,27
0xa20a199d,10503564.bmd,0x6b078f15,29
0xa20a199d,10503564.bmd,0x6c2109d8,12
0xa20a199d,10503564.bmd,0x6ecbf5d1,7
0xa20a199d,10503564.bmd,0x7863d66f,14
0xa20a199d,10503564.bmd,0x8419282e,0
0xa20a199d,10503564.bmd,0x84385ae4,30
0xa20a199d,10503564.bmd,0x886c7a61,10
0xa20a199d,10503564.bmd,0x9581b950,13
0xa20a199d,10503564.bmd,0x96eb9269,28
0xa20a199d,10503564.bmd,0x984a8016,3
0xa20a199d,10503564.bmd,0xa861c87d,17
0xa20a199d,10503564.bmd,0xb240fbbb,21
0xa20a199d,10503564.bmd,0xbd9aa11d,16
0xa20a199d,10503564.bmd,0xbf502945,4
0xa20a199d,10503564.bmd,0xc33d2df8,22
0xa20a199d,10503564.bmd,0xcbe2e5f4,6
0xa20a199d,10503564.bmd,0xd6e2d156,19
0xa20a199d,10503564.bmd,0xe7d209a8,18
0xa20a199d,10503564.bmd,0xecb84d74,25
0xa20a199d,10503564.bmd,0xef10fad4,2
0xa20a199d,10503564.bmd,0xf75df0ee,15
0xa20a199d,10503564.bmd,0xfa13829d,5
0xa20a199d,10503564.bmd,0xfaf37ed6,9
0xa20a3a26,10606064.bmd,0x12d2008b,10
0xa20a3a26,10606064.bmd,0x14c5ba24,0
0xa20a3a26,10606064.bmd,0x26677aa8,3
0xa20a3a26,10606064.bmd,0x32293880,29
0xa20a3a26,10606064.bmd,0x3b90013e,26
0xa20a3a26,10606064.bmd,0x4616635f,27
0xa20a3a26,10606064.bmd,0x462fb076,23
0xa20a3a26,10606064.bmd,0x62be501f,11
0xa20a3a26,10606064.bmd,0x66dbfc08,13
0xa20a3a26,10606064.bmd,0x6b078f15,31
0xa20a3a26,10606064.bmd,0x6c2109d8,16
0xa20a3a26,10606064.bmd,0x7863d66f,18
0xa20a3a26,10606064.bmd,0x8419282e,2
0xa20a3a26,10606064.bmd,0x84385ae4,32
0xa20a3a26,10606064.bmd,0x96eb9269,30
0xa20a3a26,10606064.bmd,0x984a8016,7
0xa20a3a26,10606064.bmd,0x9976d27d,14
0xa20a3a26,10606064.bmd,0xa77538e6,17
0xa20a3a26,10606064.bmd,0xa861c87d,21
0xa20a3a26,10606064.bmd,0xb240fbbb,24
0xa20a3a26,10606064.bmd,0xbd9aa11d,20
0xa20a3a26,10606064.bmd,0xbf502945,5
0xa20a3a26,10606064.bmd,0xc33d2df8,25
0xa20a3a26,10606064.bmd,0xcad9f527,6
0xa20a3a26,10606064.bmd,0xcbe2e5f4,9
0xa20a3a26,10606064.bmd,0xd6e2d156,12
0xa20a3a26,10606064.bmd,0xe6ad89a6,4
0xa20a3a26,10606064.bmd,0xe7d209a8,22
0xa20a3a26,10606064.bmd,0xecb84d74,28
0xa20a3a26,10606064.bmd,0xef10fad4,1
0xa20a3a26,10606064.bmd,0xf75df0ee,19
0xa20a3a26,10606064.bmd,0xfa13829d,8
0xa20a3a26,10606064.bmd,0xfaf37ed6,15
0xa5ecb356,10720812.bmd,0x37a0fef1,4
0xa5ecb356,10720812.bmd,0x9734768d,0
0xa5ecb356,10720812.bmd,0xa0051abc,5
0xa5ecb356,10720812.bmd,0xa4b24fb8,3
0xa5ecb356,10720812.bmd,0xa9199ec9,2
0xa5ecb356,10720812.bmd,0xd8e64dbb,1
0xa8fb3116,10768392.bmd,0x0073dfe8,49
0xa8fb3116,10768392.bmd,0x074dd133,52
0xa8fb3116,10768392.bmd,0x0a3d1e0d,22
0xa8fb3116,10768392.bmd,0x0adcfdb1,37
0xa8fb3116,10768392.bmd,0x17f1ee63,35
0xa8fb3116,10768392.bmd,0x24a29756,24
0xa8fb3116,10768392.bmd,0x2a31149f,0
0xa8fb3116,10768392.bmd,0x2f8fdaaa,29
0xa8fb3116,10768392.bmd,0x2fe574ab,17
0xa8fb3116,10768392.bmd,0x32b64004,14
0xa8fb3116,10768392.bmd,0x3505b14a,53
0xa8fb3116,10768392.bmd,0x351c022d,32
0xa8fb3116,10768392.bmd,0x3aa60819,3
0xa8fb3116,10768392.bmd,0x3b2897a8,33
0xa8fb3116,10768392.bmd,0x3b3124cf,54
0xa8fb3116,10768392.bmd,0x45c9810f,43
0xa8fb3116,10768392.bmd,0x485bd8d5,30
0xa8fb3116,10768392.bmd,0x5738e448,31
0xa8fb3116,10768392.bmd,0x59a8c759,48
0xa8fb3116,10768392.bmd,0x5a60641e,8
0xa8fb3116,10768392.bmd,0x60103630,12
0xa8fb3116,10768392.bmd,0x630f9c99,25
0xa8fb3116,10768392.bmd,0x6381bf1b,19
0xa8fb3116,10768392.bmd,0x63fed6a3,13
0xa8fb3116,10768392.bmd,0x683c3069,41
0xa8fb3116,10768392.bmd,0x6c9243f3,55
0xa8fb3116,10768392.bmd,0x6f694bc4,42
0xa8fb3116,10768392.bmd,0x6fe64b4f,23
0xa8fb3116,10768392.bmd,0x768724ab,15
0xa8fb3116,10768392.bmd,0x80d3309a,50
0xa8fb3116,10768392.bmd,0x81d3c415,26
0xa8fb3116,10768392.bmd,0x85d59ad4,16
0xa8fb3116,10768392.bmd,0x8a9394bf,27
0xa8fb3116,10768392.bmd,0x8b87205e,56
0xa8fb3116,10768392.bmd,0x8b8df0df,21
0xa8fb3116,10768392.bmd,0x8c91e142,47
0xa8fb3116,10768392.bmd,0x8e5ad5b9,45
0xa8fb3116,10768392.bmd,0x9734768d,44
0xa8fb3116,10768392.bmd,0x9c73bc2e,9
0xa8fb3116,10768392.bmd,0xa0051abc,40
0xa8fb3116,10768392.bmd,0xa14813e2,57
0xa8fb3116,10768392.bmd,0xa3bba583,4
0xa8fb3116,10768392.bmd,0xa4d2c149,36
0xa8fb3116,10768392.bmd,0xa6ed6931,34
0xa8fb3116,10768392.bmd,0xa753670b,39
0xa8fb3116,10768392.bmd,0xac50df86,7
0xa8fb3116,10768392.bmd,0xc1067c46,20
0xa8fb3116,10768392.bmd,0xc244c907,5
0xa8fb3116,10768392.bmd,0xc73fabcc,51
0xa8fb3116,10768392.bmd,0xce513401,1
0xa8fb3116,10768392.bmd,0xe2c4dfc7,10
0xa8fb3116,10768392.bmd,0xe54735f7,2
0xa8fb3116,10768392.bmd,0xe5bce2c4,18
0xa8fb3116,10768392.bmd,0xe5fb4b0f,28
0xa8fb3116,10768392.bmd,0xecf04a42,11
0xa8fb3116,10768392.bmd,0xf4f4477b,46
0xa8fb3116,10768392.bmd,0xf94118fe,38
0xa8fb3116,10768392.bmd,0xfb177833,6
0xafc0df2d,11000524.bmd,0x129da472,0
0xafc0df2d,11000524.bmd,0x4b28c329,2
0xafc0df2d,11000524.bmd,0x5b7f2540,3
0xafc0df2d,11000524.bmd,0xef10fad4,1
0xb103e6f2,11061008.bmd,0x139b10e5,9
0xb103e6f2,11061008.bmd,0x14c5ba24,10
0xb103e6f2,11061008.bmd,0x1a9ae40b,11
0xb103e6f2,11061008.bmd,0x1af04702,5
0xb103e6f2,11061008.bmd,0x26677aa8,14
0xb103e6f2,11061008.bmd,0x2fd5336c,8
0xb103e6f2,11061008.bmd,0x32293880,28
0xb103e6f2,11061008.bmd,0x3b90013e,25
0xb103e6f2,11061008.bmd,0x4616635f,26
0xb103e6f2,11061008.bmd,0x462fb076,22
0xb103e6f2,11061008.bmd,0x62be501f,6
0xb103e6f2,11061008.bmd,0x66dbfc08,29
0xb103e6f2,11061008.bmd,0x6b078f15,30
0xb103e6f2,11061008.bmd,0x7863d66f,17
0xb103e6f2,11061008.bmd,0x8419282e,4
0xb103e6f2,11061008.bmd,0x84385ae4,31
0xb103e6f2,11061008.bmd,0x96eb9269,15
0xb103e6f2,11061008.bmd,0x984a8016,0
0xb103e6f2,11061008.bmd,0xa861c87d,20
0xb103e6f2,11061008.bmd,0xb240fbbb,23
0xb103e6f2,11061008.bmd,0xbd9aa11d,19
0xb103e6f2,11061008.bmd,0xbf502945,1
0xb103e6f2,11061008.bmd,0xc33d2df8,24
0xb103e6f2,11061008.bmd,0xcad9f527,13
0xb103e6f2,11061008.bmd,0xd6e2d156,7
0xb103e6f2,11061008.bmd,0xe7d209a8,21
0xb103e6f2,11061008.bmd,0xecb84d74,27
0xb103e6f2,11061008.bmd,0xeed667bd,12
0xb103e6f2,11061008.bmd,0xef10fad4,3
0xb103e6f2,11061008.bmd,0xf75df0ee,18
0xb103e6f2,11061008.bmd,0xfa13829d,2
0xb103e6f2,11061008.bmd,0xfaf37ed6,16
0xb23f820b,11148480.bmd,0x0590955a,6
0xb23f820b,11148480.bmd,0x6c970954,2
0xb23f820b,11148480.bmd,0x90f8f9d9,5
0xb23f820b,11148480.bmd,0x9734768d,0
0xb23f820b,11148480.bmd,0xa4b24fb8,4
0xb23f820b,11148480.bmd,0xd27d486b,3
0xb23f820b,11148480.bmd,0xde430c88,1
0xb33562f1,11354640.bmd,0x09edba1a,4
0xb33562f1,11354640.bmd,0x14c611ec,6
0xb33562f1,11354640.bmd,0x15c7f38d,34
0xb33562f1,11354640.bmd,0x17f1ee63,38
0xb33562f1,11354640.bmd,0x2e6112bf,24
0xb33562f1,11354640.bmd,0x37c9f4db,39
0xb33562f1,11354640.bmd,0x485bd8d5,29
0xb33562f1,11354640.bmd,0x490798a6,26
0xb33562f1,11354640.bmd,0x512f3e8b,23
0xb33562f1,11354640.bmd,0x5f1bab0e,22
0xb33562f1,11354640.bmd,0x63090790,8
0xb33562f1,11354640.bmd,0x630f9c99,10
0xb33562f1,11354640.bmd,0x6577721d,7
0xb33562f1,11354640.bmd,0x6af0feed,2
0xb33562f1,11354640.bmd,0x6c7dcc23,27
0xb33562f1,11354640.bmd,0x7e703cc2,40
0xb33562f1,11354640.bmd,0x806c1f68,0
0xb33562f1,11354640.bmd,0x81d3c415,11
0xb33562f1,11354640.bmd,0x8a9394bf,17
0xb33562f1,11354640.bmd,0x8b5d90e1,18
0xb33562f1,11354640.bmd,0x8b87205e,44
0xb33562f1,11354640.bmd,0x8b8df0df,19
0xb33562f1,11354640.bmd,0x8d1ca536,1
0xb33562f1,11354640.bmd,0x933523be,13
0xb33562f1,11354640.bmd,0x96c07daa,5
0xb33562f1,11354640.bmd,0x9970f52d,35
0xb33562f1,11354640.bmd,0x9f562e8d,36
0xb33562f1,11354640.bmd,0xa14813e2,31
0xb33562f1,11354640.bmd,0xa343e053,43
0xb33562f1,11354640.bmd,0xa4d2c149,15
0xb33562f1,11354640.bmd,0xa6b72ce0,21
0xb33562f1,11354640.bmd,0xa7582a1a,32
0xb33562f1,11354640.bmd,0xab1bb70a,14
0xb33562f1,11354640.bmd,0xb8e211b4,41
0xb33562f1,11354640.bmd,0xba8a0448,9
0xb33562f1,11354640.bmd,0xc28dbe6f,3
0xb33562f1,11354640.bmd,0xc93be868,12
0xb33562f1,11354640.bmd,0xd6123125,20
0xb33562f1,11354640.bmd,0xd7aee14d,42
0xb33562f1,11354640.bmd,0xd8e64dbb,37
0xb33562f1,11354640.bmd,0xde24c442,28
0xb33562f1,11354640.bmd,0xe4e5fc51,25
0xb33562f1,11354640.bmd,0xf462ee63,30
0xb33562f1,11354640.bmd,0xfb177833,33
0xb33562f1,11354640.bmd,0xfe16b96a,16
0xb3ee8657,11511040.bmd,0x0fe2cafe,11
0xb3ee8657,11511040.bmd,0x26677aa8,12
0xb3ee8657,11511040.bmd,0x32293880,26
0xb3ee8657,11511040.bmd,0x3b66435f,9
0xb3ee8657,11511040.bmd,0x3b90013e,23
0xb3ee8657,11511040.bmd,0x4616635f,24
0xb3ee8657,11511040.bmd,0x462fb076,20
0xb3ee8657,11511040.bmd,0x62be501f,10
0xb3ee8657,11511040.bmd,0x66dbfc08,27
0xb3ee8657,11511040.bmd,0x6b078f15,29
0xb3ee8657,11511040.bmd,0x6ec7a7f2,0
0xb3ee8657,11511040.bmd,0x7863d66f,14
0xb3ee8657,11511040.bmd,0x8419282e,2
0xb3ee8657,11511040.bmd,0x84385ae4,30
0xb3ee8657,11511040.bmd,0x96eb9269,28
0xb3ee8657,11511040.bmd,0x98622745,3
0xb3ee8657,11511040.bmd,0xa861c87d,17
0xb3ee8657,11511040.bmd,0xb240fbbb,21
0xb3ee8657,11511040.bmd,0xbd9aa11d,16
0xb3ee8657,11511040.bmd,0xbf42caac,5
0xb3ee8657,11511040.bmd,0xbf502945,1
0xb3ee8657,11511040.bmd,0xc33d2df8,22
0xb3ee8657,11511040.bmd,0xd1cae624,4
0xb3ee8657,11511040.bmd,0xd6e2d156,19
0xb3ee8657,11511040.bmd,0xe140620e,6
0xb3ee8657,11511040.bmd,0xe7d209a8,18
0xb3ee8657,11511040.bmd,0xecb84d74,25
0xb3ee8657,11511040.bmd,0xef10fad4,8
0xb3ee8657,11511040.bmd,0xf75df0ee,15
0xb3ee8657,11511040.bmd,0xfa13829d,7
0xb3ee8657,11511040.bmd,0xfaf37ed6,13
0xb8a7a716,11605972.bmd,0x03b81854,14
0xb8a7a716,11605972.bmd,0x14c5ba24,0
0xb8a7a716,11605972.bmd,0x26677aa8,3
0xb8a7a716,11605972.bmd,0x32293880,27
0xb8a7a716,11605972.bmd,0x3b90013e,24
0xb8a7a716,11605972.bmd,0x4616635f,25
0xb8a7a716,11605972.bmd,0x462fb076,21
0xb8a7a716,11605972.bmd,0x62be501f,9
0xb8a7a716,11605972.bmd,0x66dbfc08,12
0xb8a7a716,11605972.bmd,0x6b078f15,29
0xb8a7a716,11605972.bmd,0x7863d66f,16
0xb8a7a716,11605972.bmd,0x8419282e,2
0xb8a7a716,11605972.bmd,0x84385ae4,30
0xb8a7a716,11605972.bmd,0x96eb9269,28
0xb8a7a716,11605972.bmd,0x984a8016,7
0xb8a7a716,11605972.bmd,0xa77538e6,5
0xb8a7a716,11605972.bmd,0xa861c87d,19
0xb8a7a716,11605972.bmd,0xb240fbbb,22
0xb8a7a716,11605972.bmd,0xbd9aa11d,18
0xb8a7a716,11605972.bmd,0xbf502945,4
0xb8a7a716,11605972.bmd,0xc33d2df8,23
0xb8a7a716,11605972.bmd,0xcad9f527,6
0xb8a7a716,11605972.bmd,0xcbe2e5f4,11
0xb8a7a716,11605972.bmd,0xd6e2d156,10
0xb8a7a716,11605972.bmd,0xe6ad89a6,13
0xb8a7a716,11605972.bmd,0xe7d209a8,20
0xb8a7a716,11605972.bmd,0xecb84d74,26
0xb8a7a716,11605972.bmd,0xef10fad4,1
0xb8a7a716,11605972.bmd,0xf75df0ee,17
0xb8a7a716,11605972.bmd,0xfa13829d,8
0xb8a7a716,11605972.bmd,0xfaf37ed6,15
0xb97dbeee,11690944.bmd,0x1fbe267f,3
0xb97dbeee,11690944.bmd,0x2f096eca,12
0xb97dbeee,11690944.bmd,0x2f8fdaaa,9
0xb97dbeee,11690944.bmd,0x351c022d,8
0xb97dbeee,11690944.bmd,0x37a0fef1,20
0xb97dbeee,11690944.bmd,0x3d367676,6
0xb97dbeee,11690944.bmd,0x3e7d8184,26
0xb97dbeee,11690944.bmd,0x3fce5862,0
0xb97dbeee,11690944.bmd,0x4c7d348b,27
0xb97dbeee,11690944.bmd,0x50a635b7,24
0xb97dbeee,11690944.bmd,0x6c7dcc23,22
0xb97dbeee,11690944.bmd,0x6fd91db3,25
0xb97dbeee,11690944.bmd,0x7e703cc2,13
0xb97dbeee,11690944.bmd,0x8b87205e,30
0xb97dbeee,11690944.bmd,0x8b8df0df,4
0xb97dbeee,11690944.bmd,0x8bfec218,23
0xb97dbeee,11690944.bmd,0x8c91e142,10
0xb97dbeee,11690944.bmd,0x8d1a6822,16
0xb97dbeee,11690944.bmd,0x90b8590d,5
0xb97dbeee,11690944.bmd,0x9bb2d7f6,11
0xb97dbeee,11690944.bmd,0x9ccb3932,29
0xb97dbeee,11690944.bmd,0xa13d6122,1
0xb97dbeee,11690944.bmd,0xa4b24fb8,19
0xb97dbeee,11690944.bmd,0xa9199ec9,33
0xb97dbeee,11690944.bmd,0xaab57803,17
0xb97dbeee,11690944.bmd,0xb1229935,2
0xb97dbeee,11690944.bmd,0xb67ece3b,28
0xb97dbeee,11690944.bmd,0xc9e593ef,34
0xb97dbeee,11690944.bmd,0xcec99c20,18
0xb97dbeee,11690944.bmd,0xd08e3934,31
0xb97dbeee,11690944.bmd,0xd8e64dbb,21
0xb97dbeee,11690944.bmd,0xde3b996b,14
0xb97dbeee,11690944.bmd,0xe9317314,32
0xb97dbeee,11690944.bmd,0xfa6a53c8,7
0xb97dbeee,11690944.bmd,0xfb177833,15
0xba31fa43,11815040.bmd,0xb09926a3,0
0xbf28004b,11818848.bmd,0x0073dfe8,45
0xbf28004b,11818848.bmd,0x074dd133,46
0xbf28004b,11818848.bmd,0x1691c8a9,31
0xbf28004b,11818848.bmd,0x17f1ee63,40
0xbf28004b,11818848.bmd,0x1e6f24f1,26
0xbf28004b,11818848.bmd,0x24a29756,41
0xbf28004b,11818848.bmd,0x2a31149f,0
0xbf28004b,11818848.bmd,0x2e05241d,20
0xbf28004b,11818848.bmd,0x2f8fdaaa,36
0xbf28004b,11818848.bmd,0x32b64004,16
0xbf28004b,11818848.bmd,0x351c022d,38
0xbf28004b,11818848.bmd,0x3aa60819,3
0xbf28004b,11818848.bmd,0x42030e8f,25
0xbf28004b,11818848.bmd,0x475fc772,30
0xbf28004b,11818848.bmd,0x485bd8d5,35
0xbf28004b,11818848.bmd,0x489bb376,19
0xbf28004b,11818848.bmd,0x5738e448,37
0xbf28004b,11818848.bmd,0x59a8c759,44
0xbf28004b,11818848.bmd,0x5a06665a,34
0xbf28004b,11818848.bmd,0x5a60641e,12
0xbf28004b,11818848.bmd,0x60103630,15
0xbf28004b,11818848.bmd,0x63fed6a3,10
0xbf28004b,11818848.bmd,0x768724ab,6
0xbf28004b,11818848.bmd,0x85d59ad4,7
0xbf28004b,11818848.bmd,0x8a9394bf,18
0xbf28004b,11818848.bmd,0x8b87205e,48
0xbf28004b,11818848.bmd,0x8b8df0df,17
0xbf28004b,11818848.bmd,0x8c91e142,43
0xbf28004b,11818848.bmd,0x9970f52d,23
0xbf28004b,11818848.bmd,0x9c73bc2e,8
0xbf28004b,11818848.bmd,0xa14813e2,39
0xbf28004b,11818848.bmd,0xa3bba583,4
0xbf28004b,11818848.bmd,0xa4d2c149,28
0xbf28004b,11818848.bmd,0xa81af21d,32
0xbf28004b,11818848.bmd,0xac50df86,11
0xbf28004b,11818848.bmd,0xb8a76a24,27
0xbf28004b,11818848.bmd,0xc244c907,5
0xbf28004b,11818848.bmd,0xc94f37a6,29
0xbf28004b,11818848.bmd,0xce513401,1
0xbf28004b,11818848.bmd,0xdf64591a,24
0xbf28004b,11818848.bmd,0xe2c4dfc7,13
0xbf28004b,11818848.bmd,0xe54735f7,2
0xbf28004b,11818848.bmd,0xe5bce2c4,47
0xbf28004b,11818848.bmd,0xe5fb4b0f,33
0xbf28004b,11818848.bmd,0xecf04a42,14
0xbf28004b,11818848.bmd,0xefcc66b5,22
0xbf28004b,11818848.bmd,0xf21a9314,21
0xbf28004b,11818848.bmd,0xf4f4477b,42
0xbf28004b,11818848.bmd,0xfb177833,9
0xbf730fb3,11907728.bmd,0x15c7f38d,17
0xbf730fb3,11907728.bmd,0x1fbe267f,15
0xbf730fb3,11907728.bmd,0x24a29756,22
0xbf730fb3,11907728.bmd,0x24d8c2fa,29
0xbf730fb3,11907728.bmd,0x2e6112bf,10
0xbf730fb3,11907728.bmd,0x2f096eca,16
0xbf730fb3,11907728.bmd,0x2f8fdaaa,39
0xbf730fb3,11907728.bmd,0x32b64004,24
0xbf730fb3,11907728.bmd,0x37a0fef1,38
0xbf730fb3,11907728.bmd,0x3d367676,19
0xbf730fb3,11907728.bmd,0x3fce5862,12
0xbf730fb3,11907728.bmd,0x40d2dedc,35
0xbf730fb3,11907728.bmd,0x4c7d348b,30
0xbf730fb3,11907728.bmd,0x50a635b7,8
0xbf730fb3,11907728.bmd,0x539dc935,47
0xbf730fb3,11907728.bmd,0x5738e448,31
0xbf730fb3,11907728.bmd,0x60ec6ddd,11
0xbf730fb3,11907728.bmd,0x6381bf1b,1
0xbf730fb3,11907728.bmd,0x6c7dcc23,23
0xbf730fb3,11907728.bmd,0x6e9e9471,21
0xbf730fb3,11907728.bmd,0x6fd91db3,45
0xbf730fb3,11907728.bmd,0x792377c2,27
0xbf730fb3,11907728.bmd,0x7acd777d,40
0xbf730fb3,11907728.bmd,0x7dbea1da,32
0xbf730fb3,11907728.bmd,0x7f0661b2,6
0xbf730fb3,11907728.bmd,0x8b8df0df,0
0xbf730fb3,11907728.bmd,0x8c91e142,7
0xbf730fb3,11907728.bmd,0x8d1a6822,28
0xbf730fb3,11907728.bmd,0x8d5e865d,13
0xbf730fb3,11907728.bmd,0x9ccb3932,44
0xbf730fb3,11907728.bmd,0xa13d6122,18
0xbf730fb3,11907728.bmd,0xa4b24fb8,34
0xbf730fb3,11907728.bmd,0xa753670b,4
0xbf730fb3,11907728.bmd,0xaa86da3d,33
0xbf730fb3,11907728.bmd,0xb1229935,14
0xbf730fb3,11907728.bmd,0xb2d31abe,43
0xbf730fb3,11907728.bmd,0xb67ece3b,46
0xbf730fb3,11907728.bmd,0xc1067c46,2
0xbf730fb3,11907728.bmd,0xc7d1066a,41
0xbf730fb3,11907728.bmd,0xc996b0b5,9
0xbf730fb3,11907728.bmd,0xc9e593ef,42
0xbf730fb3,11907728.bmd,0xcd4901fd,25
0xbf730fb3,11907728.bmd,0xd08e3934,20
0xbf730fb3,11907728.bmd,0xde430c88,36
0xbf730fb3,11907728.bmd,0xf46e9681,26
0xbf730fb3,11907728.bmd,0xf4f4477b,3
0xbf730fb3,11907728.bmd,0xf94118fe,5
0xbf730fb3,11907728.bmd,0xfb177833,37
0xc2c634f4,12009072.bmd,0x129da472,0
0xc2c634f4,12009072.bmd,0x4b28c329,2
0xc2c634f4,12009072.bmd,0x5b7f2540,3
0xc2c634f4,12009072.bmd,0xef10fad4,1
0xc3364719,12068644.bmd,0x26677aa8,10
0xc3364719,12068644.bmd,0x32293880,23
0xc3364719,12068644.bmd,0x3b66435f,0
0xc3364719,12068644.bmd,0x3b90013e,20
0xc3364719,12068644.bmd,0x4616635f,21
0xc3364719,12068644.bmd,0x462fb076,17
0xc3364719,12068644.bmd,0x62be501f,9
0xc3364719,12068644.bmd,0x66dbfc08,24
0xc3364719,12068644.bmd,0x6b078f15,26
0xc3364719,12068644.bmd,0x7863d66f,12
0xc3364719,12068644.bmd,0x8419282e,8
0xc3364719,12068644.bmd,0x84385ae4,27
0xc3364719,12068644.bmd,0x96eb9269,25
0xc3364719,12068644.bmd,0x984a8016,6
0xc3364719,12068644.bmd,0xa6b9b4c7,3
0xc3364719,12068644.bmd,0xa861c87d,15
0xc3364719,12068644.bmd,0xb240fbbb,18
0xc3364719,12068644.bmd,0xbd9aa11d,14
0xc3364719,12068644.bmd,0xbf502945,7
0xc3364719,12068644.bmd,0xc1d09bdf,2
0xc3364719,12068644.bmd,0xc33d2df8,19
0xc3364719,12068644.bmd,0xd6e2d156,5
0xc3364719,12068644.bmd,0xe7d209a8,16
0xc3364719,12068644.bmd,0xecb84d74,22
0xc3364719,12068644.bmd,0xef10fad4,1
0xc3364719,12068644.bmd,0xf75df0ee,13
0xc3364719,12068644.bmd,0xfa13829d,4
0xc3364719,12068644.bmd,0xfaf37ed6,11
0xc87f6658,12220728.bmd,0x14c5ba24,0
0xc87f6658,12220728.bmd,0x26677aa8,13
0xc87f6658,12220728.bmd,0x32293880,27
0xc87f6658,12220728.bmd,0x3b90013e,24
0xc87f6658,12220728.bmd,0x4616635f,25
0xc87f6658,12220728.bmd,0x462fb076,21
0xc87f6658,12220728.bmd,0x62be501f,10
0xc87f6658,12220728.bmd,0x66dbfc08,12
0xc87f6658,12220728.bmd,0x6b078f15,29
0xc87f6658,12220728.bmd,0x7863d66f,16
0xc87f6658,12220728.bmd,0x8419282e,4
0xc87f6658,12220728.bmd,0x84385ae4,30
0xc87f6658,12220728.bmd,0x96eb9269,28
0xc87f6658,12220728.bmd,0x984a8016,2
0xc87f6658,12220728.bmd,0xa77538e6,15
0xc87f6658,12220728.bmd,0xa861c87d,19
0xc87f6658,12220728.bmd,0xb240fbbb,22
0xc87f6658,12220728.bmd,0xbd9aa11d,18
0xc87f6658,12220728.bmd,0xbf502945,3
0xc87f6658,12220728.bmd,0xc2a0965b,7
0xc87f6658,12220728.bmd,0xc33d2df8,23
0xc87f6658,12220728.bmd,0xcad9f527,11
0xc87f6658,12220728.bmd,0xcbe2e5f4,6
0xc87f6658,12220728.bmd,0xd6e2d156,9
0xc87f6658,12220728.bmd,0xe6ad89a6,8
0xc87f6658,12220728.bmd,0xe7d209a8,20
0xc87f6658,12220728.bmd,0xecb84d74,26
0xc87f6658,12220728.bmd,0xef10fad4,1
0xc87f6658,12220728.bmd,0xf75df0ee,17
0xc87f6658,12220728.bmd,0xfa13829d,5
0xc87f6658,12220728.bmd,0xfaf37ed6,14
0xcc11e10c,12577348.bmd,0x129da472,0
0xcc11e10c,12577348.bmd,0x4b28c329,2
0xcc11e10c,12577348.bmd,0x5b7f2540,3
0xcc11e10c,12577348.bmd,0xef10fad4,1
0xcfc2a785,12713244.bmd,0x0073dfe8,31
0xcfc2a785,12713244.bmd,0x074dd133,34
0xcfc2a785,12713244.bmd,0x0adcfdb1,20
0xcfc2a785,12713244.bmd,0x24a29756,14
0xcfc2a785,12713244.bmd,0x2a31149f,4
0xcfc2a785,12713244.bmd,0x2f8fdaaa,28
0xcfc2a785,12713244.bmd,0x2fe574ab,10
0xcfc2a785,12713244.bmd,0x32b64004,9
0xcfc2a785,12713244.bmd,0x3505b14a,37
0xcfc2a785,12713244.bmd,0x351c022d,35
0xcfc2a785,12713244.bmd,0x3aa60819,2
0xcfc2a785,12713244.bmd,0x3b3124cf,38
0xcfc2a785,12713244.bmd,0x485bd8d5,19
0xcfc2a785,12713244.bmd,0x59a8c759,30
0xcfc2a785,12713244.bmd,0x5a06665a,27
0xcfc2a785,12713244.bmd,0x5a60641e,45
0xcfc2a785,12713244.bmd,0x630f9c99,39
0xcfc2a785,12713244.bmd,0x6381bf1b,41
0xcfc2a785,12713244.bmd,0x63fed6a3,7
0xcfc2a785,12713244.bmd,0x683c3069,23
0xcfc2a785,12713244.bmd,0x6c9243f3,42
0xcfc2a785,12713244.bmd,0x6f694bc4,25
0xcfc2a785,12713244.bmd,0x81d3c415,40
0xcfc2a785,12713244.bmd,0x85d59ad4,8
0xcfc2a785,12713244.bmd,0x8a9394bf,15
0xcfc2a785,12713244.bmd,0x8b87205e,44
0xcfc2a785,12713244.bmd,0x8b8df0df,13
0xcfc2a785,12713244.bmd,0x8c91e142,36
0xcfc2a785,12713244.bmd,0x92fdaeb0,43
0xcfc2a785,12713244.bmd,0x9734768d,26
0xcfc2a785,12713244.bmd,0xa14813e2,17
0xcfc2a785,12713244.bmd,0xa3bba583,0
0xcfc2a785,12713244.bmd,0xa4d2c149,18
0xcfc2a785,12713244.bmd,0xa753670b,22
0xcfc2a785,12713244.bmd,0xc1067c46,12
0xcfc2a785,12713244.bmd,0xc15a2e49,46
0xcfc2a785,12713244.bmd,0xc244c907,5
0xcfc2a785,12713244.bmd,0xc73fabcc,32
0xcfc2a785,12713244.bmd,0xce513401,1
0xcfc2a785,12713244.bmd,0xe54735f7,3
0xcfc2a785,12713244.bmd,0xe5bce2c4,11
0xcfc2a785,12713244.bmd,0xe5fb4b0f,16
0xcfc2a785,12713244.bmd,0xeac2ee65,24
0xcfc2a785,12713244.bmd,0xf4f4477b,29
0xcfc2a785,12713244.bmd,0xf94118fe,21
0xcfc2a785,12713244.bmd,0xfae13fb6,33
0xcfc2a785,12713244.bmd,0xfb177833,6
0xd03fb876,12826676.bmd,0x0fe2cafe,19
0xd03fb876,12826676.bmd,0x26677aa8,17
0xd03fb876,12826676.bmd,0x2e15e413,2
0xd03fb876,12826676.bmd,0x32293880,32
0xd03fb876,12826676.bmd,0x3b66435f,12
0xd03fb876,12826676.bmd,0x3b90013e,29
0xd03fb876,12826676.bmd,0x4616635f,30
0xd03fb876,12826676.bmd,0x462fb076,26
0xd03fb876,12826676.bmd,0x62be501f,14
0xd03fb876,12826676.bmd,0x66dbfc08,15
0xd03fb876,12826676.bmd,0x6b078f15,33
0xd03fb876,12826676.bmd,0x6ec7a7f2,9
0xd03fb876,12826676.bmd,0x7863d66f,21
0xd03fb876,12826676.bmd,0x8419282e,1
0xd03fb876,12826676.bmd,0x84385ae4,34
0xd03fb876,12826676.bmd,0x96eb9269,18
0xd03fb876,12826676.bmd,0x98622745,5
0xd03fb876,12826676.bmd,0xa6b9b4c7,11
0xd03fb876,12826676.bmd,0xa861c87d,24
0xd03fb876,12826676.bmd,0xb240fbbb,27
0xd03fb876,12826676.bmd,0xbd9aa11d,23
0xd03fb876,12826676.bmd,0xbf42caac,7
0xd03fb876,12826676.bmd,0xbf502945,0
0xd03fb876,12826676.bmd,0xc1d09bdf,10
0xd03fb876,12826676.bmd,0xc33d2df8,28
0xd03fb876,12826676.bmd,0xcad9f527,16
0xd03fb876,12826676.bmd,0xd1cae624,6
0xd03fb876,12826676.bmd,0xd6e2d156,13
0xd03fb876,12826676.bmd,0xe140620e,8
0xd03fb876,12826676.bmd,0xe7d209a8,25
0xd03fb876,12826676.bmd,0xecb84d74,31
0xd03fb876,12826676.bmd,0xef10fad4,4
0xd03fb876,12826676.bmd,0xf75df0ee,22
0xd03fb876,12826676.bmd,0xfa13829d,3
0xd03fb876,12826676.bmd,0xfaf37ed6,20
0xd2d2d8d3,12912648.bmd,0x0fe2cafe,19
0xd2d2d8d3,12912648.bmd,0x139b10e5,6
0xd2d2d8d3,12912648.bmd,0x14c5ba24,5
0xd2d2d8d3,12912648.bmd,0x1989dc45,12
0xd2d2d8d3,12912648.bmd,0x1a9ae40b,11
0xd2d2d8d3,12912648.bmd,0x1af04702,8
0xd2d2d8d3,12912648.bmd,0x26677aa8,17
0xd2d2d8d3,12912648.bmd,0x32293880,32
0xd2d2d8d3,12912648.bmd,0x3b90013e,29
0xd2d2d8d3,12912648.bmd,0x4616635f,30
0xd2d2d8d3,12912648.bmd,0x462fb076,26
0xd2d2d8d3,12912648.bmd,0x62be501f,7
0xd2d2d8d3,12912648.bmd,0x66dbfc08,15
0xd2d2d8d3,12912648.bmd,0x6b078f15,33
0xd2d2d8d3,12912648.bmd,0x7863d66f,21
0xd2d2d8d3,12912648.bmd,0x8419282e,4
0xd2d2d8d3,12912648.bmd,0x84385ae4,34
0xd2d2d8d3,12912648.bmd,0x9581b950,13
0xd2d2d8d3,12912648.bmd,0x96eb9269,18
0xd2d2d8d3,12912648.bmd,0x984a8016,0
0xd2d2d8d3,12912648.bmd,0xa861c87d,24
0xd2d2d8d3,12912648.bmd,0xb240fbbb,27
0xd2d2d8d3,12912648.bmd,0xbd9aa11d,23
0xd2d2d8d3,12912648.bmd,0xbf502945,1
0xd2d2d8d3,12912648.bmd,0xc2a364f7,9
0xd2d2d8d3,12912648.bmd,0xc33d2df8,28
0xd2d2d8d3,12912648.bmd,0xcad9f527,16
0xd2d2d8d3,12912648.bmd,0xcbe2e5f4,14
0xd2d2d8d3,12912648.bmd,0xd6e2d156,10
0xd2d2d8d3,12912648.bmd,0xe7d209a8,25
0xd2d2d8d3,12912648.bmd,0xecb84d74,31
0xd2d2d8d3,12912648.bmd,0xef10fad4,3
0xd2d2d8d3,12912648.bmd,0xf75df0ee,22
0xd2d2d8d3,12912648.bmd,0xfa13829d,2
0xd2d2d8d3,12912648.bmd,0xfaf37ed6,20
0xd2d2fb68,13021632.bmd,0x14c5ba24,1
0xd2d2fb68,13021632.bmd,0x26677aa8,3
0xd2d2fb68,13021632.bmd,0x32293880,27
0xd2d2fb68,13021632.bmd,0x3b90013e,24
0xd2d2fb68,13021632.bmd,0x4616635f,25
0xd2d2fb68,13021632.bmd,0x462fb076,21
0xd2d2fb68,13021632.bmd,0x62be501f,10
0xd2d2fb68,13021632.bmd,0x66dbfc08,12
0xd2d2fb68,13021632.bmd,0x6b078f15,29
0xd2d2fb68,13021632.bmd,0x7863d66f,16
0xd2d2fb68,13021632.bmd,0x8419282e,0
0xd2d2fb68,13021632.bmd,0x84385ae4,30
0xd2d2fb68,13021632.bmd,0x96eb9269,28
0xd2d2fb68,13021632.bmd,0x984a8016,4
0xd2d2fb68,13021632.bmd,0xa77538e6,14
0xd2d2fb68,13021632.bmd,0xa861c87d,19
0xd2d2fb68,13021632.bmd,0xb240fbbb,22
0xd2d2fb68,13021632.bmd,0xbd9aa11d,18
0xd2d2fb68,13021632.bmd,0xbf502945,5
0xd2d2fb68,13021632.bmd,0xc33d2df8,23
0xd2d2fb68,13021632.bmd,0xcad9f527,11
0xd2d2fb68,13021632.bmd,0xcbe2e5f4,15
0xd2d2fb68,13021632.bmd,0xd6e2d156,8
0xd2d2fb68,13021632.bmd,0xe6ad89a6,9
0xd2d2fb68,13021632.bmd,0xe7d209a8,20
0xd2d2fb68,13021632.bmd,0xecb84d74,26
0xd2d2fb68,13021632.bmd,0xef10fad4,2
0xd2d2fb68,13021632.bmd,0xf75df0ee,17
0xd2d2fb68,13021632.bmd,0xfa13829d,6
0xd2d2fb68,13021632.bmd,0xfaf37ed6,13
0xd2d2fb68,13021632.bmd,0xfb9d4ed9,7
0xfd654452,13505160.bmd,0x139b10e5,8
0xfd654452,13505160.bmd,0x14c5ba24,1
0xfd654452,13505160.bmd,0x26677aa8,9
0xfd654452,13505160.bmd,0x32293880,22
0xfd654452,13505160.bmd,0x3b90013e,19
0xfd654452,13505160.bmd,0x4616635f,20
0xfd654452,13505160.bmd,0x462fb076,16
0xfd654452,13505160.bmd,0x62be501f,7
0xfd654452,13505160.bmd,0x66dbfc08,23
0xfd654452,13505160.bmd,0x6b078f15,25
0xfd654452,13505160.bmd,0x7863d66f,11
0xfd654452,13505160.bmd,0x8419282e,0
0xfd654452,13505160.bmd,0x84385ae4,26
0xfd654452,13505160.bmd,0x96eb9269,24
0xfd654452,13505160.bmd,0x984a8016,3
0xfd654452,13505160.bmd,0xa861c87d,14
0xfd654452,13505160.bmd,0xb240fbbb,17
0xfd654452,13505160.bmd,0xbd9aa11d,13
0xfd654452,13505160.bmd,0xbf502945,4
0xfd654452,13505160.bmd,0xc33d2df8,18
0xfd654452,13505160.bmd,0xd6e2d156,6
0xfd654452,13505160.bmd,0xe7d209a8,15
0xfd654452,13505160.bmd,0xecb84d74,21
0xfd654452,13505160.bmd,0xef10fad4,2
0xfd654452,13505160.bmd,0xf75df0ee,12
0xfd654452,13505160.bmd,0xfa13829d,5
0xfd654452,13505160.bmd,0xfaf37ed6,10
0xfd6567e9,13572780.bmd,0x14c5ba24,13
0xfd6567e9,13572780.bmd,0x1af04702,7
0xfd6567e9,13572780.bmd,0x26677aa8,14
0xfd6567e9,13572780.bmd,0x32293880,28
0xfd6567e9,13572780.bmd,0x3b90013e,25
0xfd6567e9,13572780.bmd,0x4616635f,26
0xfd6567e9,13572780.bmd,0x462fb076,22
0xfd6567e9,13572780.bmd,0x62be501f,5
0xfd6567e9,13572780.bmd,0x66dbfc08,12
0xfd6567e9,13572780.bmd,0x6b078f15,30
0xfd6567e9,13572780.bmd,0x6ecbf5d1,15
0xfd6567e9,13572780.bmd,0x7863d66f,17
0xfd6567e9,13572780.bmd,0x8419282e,0
0xfd6567e9,13572780.bmd,0x84385ae4,31
0xfd6567e9,13572780.bmd,0x96eb9269,29
0xfd6567e9,13572780.bmd,0x984a8016,2
0xfd6567e9,13572780.bmd,0xa861c87d,20
0xfd6567e9,13572780.bmd,0xb240fbbb,23
0xfd6567e9,13572780.bmd,0xb81d42e3,9
0xfd6567e9,13572780.bmd,0xbd9aa11d,19
0xfd6567e9,13572780.bmd,0xbf502945,1
0xfd6567e9,13572780.bmd,0xc33d2df8,24
0xfd6567e9,13572780.bmd,0xcad9f527,11
0xfd6567e9,13572780.bmd,0xcbe2e5f4,6
0xfd6567e9,13572780.bmd,0xd6e2d156,8
0xfd6567e9,13572780.bmd,0xe6ad89a6,10
0xfd6567e9,13572780.bmd,0xe7d209a8,21
0xfd6567e9,13572780.bmd,0xecb84d74,27
0xfd6567e9,13572780.bmd,0xef10fad4,4
0xfd6567e9,13572780.bmd,0xf75df0ee,18
0xfd6567e9,13572780.bmd,0xfa13829d,3
0xfd6567e9,13572780.bmd,0xfaf37ed6,16
0xff88074c,13664580.bmd,0x15151c0d,7
0xff88074c,13664580.bmd,0x2078d870,13
0xff88074c,13664580.bmd,0x32293880,29
0xff88074c,13664580.bmd,0x3b66435f,12
0xff88074c,13664580.bmd,0x3b8e3a61,9
0xff88074c,13664580.bmd,0x3b90013e,26
0xff88074c,13664580.bmd,0x4616635f,27
0xff88074c,13664580.bmd,0x462fb076,23
0xff88074c,13664580.bmd,0x477b7081,4
0xff88074c,13664580.bmd,0x554d97b9,8
0xff88074c,13664580.bmd,0x62be501f,14
0xff88074c,13664580.bmd,0x66dbfc08,30
0xff88074c,13664580.bmd,0x6b078f15,32
0xff88074c,13664580.bmd,0x7832ec9d,6
0xff88074c,13664580.bmd,0x7863d66f,18
0xff88074c,13664580.bmd,0x84385ae4,33
0xff88074c,13664580.bmd,0x949b8969,16
0xff88074c,13664580.bmd,0x96eb9269,31
0xff88074c,13664580.bmd,0x984a8016,0
0xff88074c,13664580.bmd,0xa6b9b4c7,11
0xff88074c,13664580.bmd,0xa861c87d,21
0xff88074c,13664580.bmd,0xb240fbbb,24
0xff88074c,13664580.bmd,0xbd9aa11d,20
0xff88074c,13664580.bmd,0xbf502945,1
0xff88074c,13664580.bmd,0xc1d09bdf,10
0xff88074c,13664580.bmd,0xc33d2df8,25
0xff88074c,13664580.bmd,0xd6e2d156,15
0xff88074c,13664580.bmd,0xe4fca5a7,5
0xff88074c,13664580.bmd,0xe7d209a8,22
0xff88074c,13664580.bmd,0xecb84d74,28
0xff88074c,13664580.bmd,0xef10fad4,3
0xff88074c,13664580.bmd,0xf75df0ee,19
0xff88074c,13664580.bmd,0xfa13829d,2
0xff88074c,13664580.bmd,0xfaf37ed6,17