index,blk_ptr,length,var4,type,type hex,File Type,2*length-var4
0,4260,124428,248281,9089,2381,BMD,575
1,128688,452,833,1026,402,,71
2,129140,199344,398017,10625,2981,BMD,671
3,328484,14364,28696,515,203,,32
4,342848,4148,7921,5890,1702,,375
5,346996,2916,5745,1283,503,,87
6,349912,26944,53888,0,0,,0
7,376856,112976,225465,7681,1E01,BMD,487
8,489832,153880,307105,10369,2881,BMD,655
9,643712,91884,183409,5633,1601,BMD,359
10,735596,2208,4416,4,4,,0
11,737804,2748,5496,4,4,,0
12,740552,14364,28696,515,203,,32
13,754916,31064,62128,0,0,,0
14,785980,167932,335377,7681,1E01,BMD,487
15,953912,150192,299785,9473,2501,BMD,599
16,1104104,3356,6712,4,4,,0
17,1107460,2004,4008,4,4,,0
18,1109464,4104,8169,515,203,,39
19,1113568,83432,166537,5121,1401,BMD,327
20,1197000,3308,6616,0,0,,0
21,1200308,348,633,899,383,,63
22,1200656,3356,6712,4,4,,0
23,1204012,2508,5009,6,6,MIDI,7
24,1206520,2872,5457,4482,1182,,287
25,1209392,476,873,1154,482,,79
26,1209868,152276,303921,9985,2701,BMD,631
27,1362144,2748,5496,4,4,,0
28,1364892,428,785,1026,402,,71
29,1365320,97564,194793,5249,1481,BMD,335
30,1462884,180,321,515,203,,39
31,1463064,2108,4216,4,4,,0
32,1465172,67568,134849,4481,1181,BMD,287
33,1532740,202220,403745,11009,2B01,BMD,695
34,1734960,74076,147825,5123,1403,,327
35,1809036,1900,3793,6,6,MIDI,7
36,1810936,1348,2696,0,0,,0
37,1812284,9700,19400,0,0,,0
38,1821984,3480,6553,6402,1902,,407
39,1825464,1012,1985,515,203,,39
40,1826476,19780,39449,1665,681,BMD,111
41,1846256,5088,10129,641,281,BMD,47
42,1851344,150192,299785,9473,2501,BMD,599
43,2001536,59860,119433,4481,1181,BMD,287
44,2061396,628,1256,0,0,,0
45,2062024,69412,138521,4739,1283,,303
46,2131436,12104,24169,515,203,,39
47,2143540,1500,2929,1026,402,,71
48,2145040,121184,241849,8193,2001,BMD,519
49,2266224,700,1400,0,0,,0
50,2266924,23232,46432,515,203,,32
51,2290156,46232,92297,2561,A01,BMD,167
52,2336388,153752,307057,7041,1B81,BMD,447
53,2490140,1356,2705,6,6,MIDI,7
54,2491496,8740,16889,9346,2482,,591
55,2500236,102520,204785,3971,F83,,255
56,2602756,113028,225529,8321,2081,BMD,527
57,2715784,115292,230065,8193,2001,BMD,519
58,2831076,4164,7873,7170,1C02,,455
59,2835240,3600,7113,1283,503,,87
60,2838840,180,321,515,203,,39
61,2839020,1376,2752,4,4,,0
62,2840396,4816,9305,5122,1402,,327
63,2845212,170180,339649,11265,2C01,BMD,711
64,3015392,118556,236593,8193,2001,BMD,519
65,3133948,36,72,4,4,,0
66,3133984,34780,69560,0,0,,0
67,3168764,99188,198081,4609,1201,BMD,295
68,3267952,456,841,1026,402,,71
69,3268408,2612,5224,4,4,,0
70,3271020,110596,220761,6785,1A81,BMD,431
71,3381616,916,1832,0,0,,0
72,3382532,48172,96344,0,0,,0
73,3430704,2548,5096,4,4,,0
74,3433252,2536,5072,4,4,,0
75,3435788,123160,245809,8065,1F81,BMD,511
76,3558948,393324,786585,1.34E+09,50000385,,63
77,3952272,59136,117993,4353,1101,BMD,279
78,4011408,384,697,1026,402,,71
79,4011792,4776,9113,6914,1B02,,439
80,4016568,95980,191960,0,0,,0
81,4112548,1224,2441,6,6,MIDI,7
82,4113772,2588,4921,3970,F82,,255
83,4116360,516076,1032104,1.34E+09,50000305,,48
84,4632436,1752,3497,6,6,MIDI,7
85,4634188,3340,6329,5506,1582,,351
86,4637528,456,841,1026,402,,71
87,4637984,997160,1994256,1.34E+09,50000405,,64
88,5635144,30136,60272,0,0,,0
89,5665280,448,825,1026,402,,71
90,5665728,2644,5288,4,4,,0
91,5668372,440,809,1026,402,,71
92,5668812,75748,151177,4993,1381,BMD,319
93,5744560,756724,1513416,1.34E+09,50000205,,32
94,6501284,56664,112905,6659,1A03,,423
95,6557948,31816,63632,0,0,,0
96,6589764,2644,5288,4,4,,0
97,6592408,3816,7625,6,6,MIDI,7
98,6596224,448,825,1026,402,,71
99,6596672,977176,1954288,1.34E+09,50000405,,64
100,7573848,98216,196105,5123,1403,,327
101,7672064,2576,5152,4,4,,0
102,7674640,8296,16041,8706,2202,,551
103,7682936,544,1088,4,4,,0
104,7683480,384,768,4,4,,0
105,7683864,94656,188953,5633,1601,,359
106,7778520,26848,53696,0,0,,0
107,7805368,2536,5072,4,4,,0
108,7807904,6744,12961,8322,2082,,527
109,7814648,34392,68784,0,0,,0
110,7849040,82796,165265,5121,1401,BMD,327
111,7931836,77688,155041,5249,1481,BMD,335
112,8009524,4320,8249,6146,1802,,391
113,8013844,448,896,4,4,,0
114,8014292,56672,113289,769,301,BMD,55
115,8070964,3436,6513,5634,1602,,359
116,8074400,268,489,642,282,,47
117,8074668,27948,55833,899,383,,63
118,8102616,2956,5905,6,6,MIDI,7
119,8105572,776,1465,1282,502,,87
120,8106348,12640,25193,1283,503,,87
121,8118988,55596,111192,0,0,,0
122,8174584,4780,9121,6914,1B02,,439
123,8179364,81760,163201,4993,1381,BMD,319
124,8261124,3068,6136,4,4,,0
125,8264192,2588,4921,3970,F82,,255
126,8266780,2208,4416,4,4,,0
127,8268988,32884,65768,0,0,,0
128,8301872,60232,120137,5121,1401,BMD,327
129,8362104,140500,280433,8961,2301,BMD,567
130,8502604,4260,8489,385,181,BMD,31
131,8506864,51116,102232,0,0,,0
132,8557980,4724,9113,5250,1482,,335
133,8562704,20492,40984,0,0,,0
134,8583196,200276,400017,8449,2101,BMD,535
135,8783472,3132,6264,4,4,,0
136,8786604,148416,296241,9345,2481,BMD,591
137,8935020,148424,296473,5889,1701,BMD,375
138,9083444,4692,8969,6530,1982,,415
139,9088136,56672,113049,4609,1201,BMD,295
140,9144808,20200,40400,0,0,,0
141,9165008,60232,120137,5121,1401,BMD,327
142,9225240,424012,846600,1.34E+09,50005905,,1424
143,9649252,44744,89488,0,0,,0
144,9693996,3228,6456,4,4,,0
145,9697224,9612,19137,1283,503,,87
146,9706836,972,1785,2435,983,,159
147,9707808,1364,2665,899,383,,63
148,9709172,63504,127008,0,0,,0
149,9772676,175316,350185,7041,1B81,BMD,447
150,9947992,81212,162057,5761,1681,BMD,367
151,10029204,4780,9121,6914,1B02,,439
152,10033984,36480,72825,2049,801,BMD,135
153,10070464,2036,4072,4,4,,0
154,10072500,62112,124224,0,0,,0
155,10134612,392,745,515,203,,39
156,10135004,26636,53209,899,383,,63
157,10161640,103364,206369,5633,1601,BMD,359
158,10265004,104,208,0,0,,0
159,10265108,72488,144641,5249,1481,BMD,335
160,10337596,1748,3489,6,6,MIDI,7
161,10339344,164220,328001,6913,1B01,BMD,439
162,10503564,102500,204673,5121,1401,BMD,327
163,10606064,107636,214921,5505,1581,BMD,351
164,10713700,6668,12817,8194,2002,,519
165,10720368,444,817,1026,402,,71
166,10720812,35660,71241,1153,481,BMD,79
167,10756472,104,208,0,0,,0
168,10756576,11368,22729,6,6,MIDI,7
169,10767944,448,825,1026,402,,71
170,10768392,150308,300017,9473,2501,BMD,599
171,10918700,452,833,1026,402,,71
172,10919152,36920,73840,0,0,,0
173,10956072,1648,3289,6,6,MIDI,7
174,10957720,392,745,515,203,,39
175,10958112,7696,15137,3971,F83,,255
176,10965808,4780,9121,6914,1B02,,439
177,10970588,26636,53209,899,383,,63
178,10997224,452,833,1026,402,,71
179,10997676,1292,2545,515,203,,39
180,10998968,448,825,1026,402,,71
181,10999416,1108,2216,4,4,,0
182,11000524,56672,113289,769,301,BMD,55
183,11057196,3812,7257,5762,1682,,367
184,11061008,85824,171313,5249,1481,,335
185,11146832,472,865,1154,482,,79
186,11147304,1176,2225,1922,782,,127
187,11148480,20360,40633,1281,501,BMD,87
188,11168840,185800,371545,1.34E+09,50000305,,55
189,11354640,156400,312329,7425,1D01,BMD,471
190,11511040,67524,134721,5121,1401,BMD,327
191,11578564,452,833,1026,402,,71
192,11579016,26512,53024,0,0,,0
193,11605528,444,817,1026,402,,71
194,11605972,81040,161753,5121,1401,BMD,327
195,11687012,3932,7489,5890,1702,,375
196,11690944,89412,178457,5761,1681,BMD,367
197,11780356,34684,69368,0,0,,0
198,11815040,2444,4857,385,181,BMD,31
199,11817484,448,825,1026,402,,71
200,11817932,472,865,1154,482,,79
201,11818404,444,817,1026,402,,71
202,11818848,88880,177249,8065,1F81,BMD,511
203,11907728,100052,199609,7809,1E81,BMD,495
204,12007780,1292,2457,1922,782,,127
205,12009072,56672,113289,769,301,BMD,55
206,12065744,2900,5800,4,4,,0
207,12068644,69452,138609,4609,1201,BMD,295
208,12138096,79828,159353,4739,1283,,303
209,12217924,2804,5608,4,4,,0
210,12220728,82088,163849,5121,1401,BMD,327
211,12302816,27948,55833,899,383,,63
212,12330764,2792,5584,4,4,,0
213,12333556,86024,171817,3587,E03,,231
214,12419580,157768,315113,6659,1A03,,423
215,12577348,56672,113289,769,301,BMD,55
216,12634020,2412,4817,6,6,MIDI,7
217,12636432,2888,5776,4,4,,0
218,12639320,73924,147569,4355,1103,,279
219,12713244,113432,226377,7681,1E01,BMD,487
220,12826676,78840,157313,5761,1681,BMD,367
221,12905516,3332,6313,5506,1582,,351
222,12908848,3800,7201,6274,1882,,399
223,12912648,108984,217601,5761,1681,BMD,367
224,13021632,81652,162977,5121,1401,BMD,327
225,13103284,2736,5470,0,0,,2
226,13106020,34180,68360,0,0,,0
227,13140200,6416,12497,5250,1482,,335
228,13146616,2900,5800,4,4,,0
229,13149516,31600,63200,0,0,,0
230,13181116,36,72,4,4,,0
231,13181152,2740,5480,4,4,,0
232,13183892,5456,10537,5890,1702,,375
233,13189348,44976,89952,0,0,,0
234,13234324,4292,8209,5890,1702,,375
235,13238616,480,881,1154,482,,79
236,13239096,1132,2185,1154,482,,79
237,13240228,63904,127808,0,0,,0
238,13304132,352,704,4,4,,0
239,13304484,2580,5160,4,4,,0
240,13307064,428,785,1026,402,,71
241,13307492,476,873,1154,482,,79
242,13307968,392,729,770,302,,55
243,13308360,392,745,515,203,,39
244,13308752,59552,119104,0,0,,0
245,13368304,2856,5712,4,4,,0
246,13371160,392,729,770,302,,55
247,13371552,3384,6761,6,6,MIDI,7
248,13374936,432,793,1026,402,,71
249,13375368,448,825,1026,402,,71
250,13375816,444,817,1026,402,,71
251,13376260,2848,5696,4,4,,0
252,13379108,31320,62640,0,0,,0
253,13410428,3452,6529,5890,1702,,375
254,13413880,4164,7889,6914,1B02,,439
255,13418044,3088,6176,4,4,,0
256,13421132,444,817,1026,402,,71
257,13421576,30564,61128,0,0,,0
258,13452140,52572,105144,0,0,,0
259,13504712,448,825,1026,402,,71
260,13505160,67620,134953,4481,1181,BMD,287
261,13572780,87220,174105,5249,1481,BMD,335
262,13660000,1744,3329,2435,983,,159
263,13661744,2836,5665,6,6,MIDI,7
264,13664580,79728,159097,5633,1601,BMD,359
265,13744308,448,825,1026,402,,71