Filename,Possible Level
735596.4.bin,
737804.4.bin,
1104104.4.bin,
1107460.4.bin,
1200656.4.bin,
1362144.4.bin,
1463064.4.bin,
2839020.4.bin,
3133948.4.bin,
3268408.4.bin,
3430704.4.bin,
3433252.4.bin,
5665728.4.bin,
6589764.4.bin,
7672064.4.bin,
7682936.4.bin,
7683480.4.bin,Guitar 4
7805368.4.bin,Guitar 1 and Guitar 2
8013844.4.bin,Guitar 3
8261124.4.bin,
8266780.4.bin,
8783472.4.bin,
9693996.4.bin,
10070464.4.bin,
10999416.4.bin,prototype_school_floor
12065744.4.bin,
12217924.4.bin,
12330764.4.bin,
12636432.4.bin,
13146616.4.bin,
13181116.4.bin,
13181152.4.bin,
13304132.4.bin,Guitar 5
13304484.4.bin,
13368304.4.bin,
13376260.4.bin,
13418044.4.bin,