Type Dec,Type Hex,Type Bin
9089,2381,#NUM!
10625,2981,#NUM!
7681,1E01,#NUM!
10369,2881,#NUM!
5633,1601,#NUM!
7681,1E01,#NUM!
9473,2501,#NUM!
5121,1401,#NUM!
9985,2701,#NUM!
5249,1481,#NUM!
4481,1181,#NUM!
11009,2B01,#NUM!
1665,681,#NUM!
641,281,#NUM!
9473,2501,#NUM!
4481,1181,#NUM!
8193,2001,#NUM!
2561,A01,#NUM!
7041,1B81,#NUM!
8321,2081,#NUM!
8193,2001,#NUM!
11265,2C01,#NUM!
8193,2001,#NUM!
4609,1201,#NUM!
6785,1A81,#NUM!
8065,1F81,#NUM!
4353,1101,#NUM!
4993,1381,#NUM!
5121,1401,#NUM!
5249,1481,#NUM!
769,301,#NUM!
4993,1381,#NUM!
5121,1401,#NUM!
8961,2301,#NUM!
385,181,110000001
8449,2101,#NUM!
9345,2481,#NUM!
5889,1701,#NUM!
4609,1201,#NUM!
5121,1401,#NUM!
7041,1B81,#NUM!
5761,1681,#NUM!
2049,801,#NUM!
5633,1601,#NUM!
5249,1481,#NUM!
6913,1B01,#NUM!
5121,1401,#NUM!
5505,1581,#NUM!
1153,481,#NUM!
9473,2501,#NUM!
769,301,#NUM!
1281,501,#NUM!
7425,1D01,#NUM!
5121,1401,#NUM!
5121,1401,#NUM!
5761,1681,#NUM!
385,181,110000001
8065,1F81,#NUM!
7809,1E81,#NUM!
769,301,#NUM!
4609,1201,#NUM!
5121,1401,#NUM!
769,301,#NUM!
7681,1E01,#NUM!
5761,1681,#NUM!
5761,1681,#NUM!
5121,1401,#NUM!
4481,1181,#NUM!
5249,1481,#NUM!
5633,1601,#NUM!
,,0
,,0
,,0
,,0
,,0
,,0
,,0
,,0
,,0
,,0
,,0
,,0
,,0
,,0
,,0
,,0
,,0
,,0
,,0
,,0
,,0
,,0
,,0
,,0
,,0
,,0
,,0
,,0
,,0
,,0
,,0
,,0
,,0
,,0
,,0
,,0
,,0
,,0
,,0
,,0
,,0
,,0
,,0
,,0
,,0
,,0
,,0
,,0
,,0
,,0
,,0
,,0
,,0
,,0
,,0
,,0
,,0
,,0
,,0
,,0
,,0
,,0
,,0
,,0
,,0
,,0
,,0
,,0
,,0
,,0
,,0
,,0
,,0
,,0
,,0
,,0
,,0
,,0
,,0
,,0
,,0
,,0
,,0
,,0
,,0
,,0
,,0
,,0
,,0
,,0
,,0
,,0
,,0
,,0
,,0
,,0
,,0
,,0
,,0
,,0
,,0
,,0
,,0
,,0
,,0
,,0
,,0
,,0
,,0
,,0
,,0
,,0
,,0
,,0
,,0
,,0
,,0
,,0
,,0
,,0
,,0
,,0
,,0
,,0
,,0
,,0
,,0
,,0
,,0
,,0
,,0
,,0
,,0
,,0
,,0
,,0
,,0
,,0
,,0
,,0
,,0
,,0
,,0
,,0
,,0
,,0
,,0
,,0
,,0
,,0
,,0
,,0
,,0
,,0
,,0
,,0
,,0
,,0
,,0
,,0
,,0
,,0
,,0
,,0
,,0
,,0
,,0
,,0
,,0
,,0
,,0
,,0
,,0
,,0
,,0
,,0
,,0
,,0
,,0
,,0
,,0
,,0
,,0
,,0
,,0
,,0
,,0
,,0
,,0
,,0
,,0
,,0
,,0
,,0
,,0
,,0
,,0
,,0
,,0
,,0
,,0
,,0
,,0
,,0
,,0
,,0
,,0
,,0
,,0
,,0
,,0
,,0
,,0
,,0
,,0
,,0
,,0
,,0
,,0
,,0
,,0
,,0
,,0
,,0
,,0
,,0
,,0
,,0
,,0
,,0
,,0
,,0
,,0
,,0
,,0
,,0
,,0
,,0
,,0
,,0
,,0
,,0
,,0
,,0
,,0
,,0
,,0
,,0
,,0
,,0
,,0
,,0
,,0
,,0
,,0
,,0
,,0
,,0
,,0
,,0
,,0
,,0
,,0
,,0
,,0
,,0
,,0
,,0
,,0
,,0
,,0
,,0
,,0
,,0
,,0
,,0
,,0
,,0
,,0
,,0
,,0
,,0
,,0
,,0
,,0
,,0
,,0
,,0
,,0
,,0
,,0
,,0
,,0
,,0
,,0
,,0
,,0
,,0
,,0
,,0
,,0
,,0
,,0
,,0
,,0
,,0
,,0
,,0
,,0
,,0
,,0
,,0
,,0
,,0
,,0
,,0
,,0
,,0
,,0
,,0
,,0
,,0
,,0
,,0
,,0
,,0
,,0
,,0
,,0
,,0
,,0
,,0
,,0
,,0
,,0
,,0
,,0
,,0
,,0
,,0
,,0
,,0
,,0
,,0
,,0
,,0
,,0
,,0
,,0
,,0
,,0
,,0
,,0
,,0
,,0
,,0
,,0
,,0
,,0
,,0
,,0
,,0
,,0
,,0
,,0
,,0
,,0
,,0
,,0
,,0
,,0
,,0
,,0
,,0
,,0
,,0
,,0
,,0
,,0
,,0
,,0
,,0
,,0
,,0
,,0
,,0
,,0
,,0
,,0
,,0
,,0
,,0
,,0
,,0
,,0
,,0
,,0
,,0
,,0
,,0
,,0
,,0
,,0
,,0
,,0
,,0
,,0
,,0
,,0
,,0
,,0
,,0
,,0
,,0
,,0
,,0
,,0
,,0
,,0
,,0
,,0
,,0
,,0
,,0
,,0
,,0
,,0
,,0
,,0
,,0
,,0
,,0
,,0
,,0
,,0
,,0
,,0
,,0
,,0
,,0
,,0
,,0
,,0
,,0
,,0
,,0
,,0
,,0
,,0
,,0
,,0
,,0
,,0
,,0
,,0
,,0
,,0
,,0
,,0
,,0
,,0
,,0
,,0
,,0
,,0
,,0
,,0
,,0
,,0
,,0
,,0
,,0
,,0
,,0
,,0
,,0
,,0
,,0
,,0
,,0
,,0
,,0
,,0
,,0
,,0
,,0
,,0
,,0
,,0
,,0
,,0
,,0
,,0
,,0
,,0
,,0
,,0
,,0
,,0
,,0
,,0
,,0
,,0
,,0
,,0
,,0
,,0
,,0
,,0
,,0
,,0
,,0
,,0
,,0
,,0
,,0
,,0
,,0
,,0
,,0
,,0
,,0
,,0
,,0
,,0
,,0
,,0
,,0
,,0
,,0
,,0
,,0
,,0
,,0
,,0
,,0
,,0
,,0
,,0
,,0
,,0
,,0
,,0
,,0
,,0
,,0
,,0
,,0
,,0
,,0
,,0
,,0
,,0
,,0
,,0
,,0
,,0
,,0
,,0
,,0
,,0
,,0
,,0
,,0
,,0
,,0
,,0
,,0
,,0
,,0
,,0
,,0
,,0
,,0
,,0
,,0
,,0
,,0
,,0
,,0
,,0
,,0
,,0
,,0
,,0
,,0
,,0
,,0
,,0
,,0
,,0
,,0
,,0
,,0
,,0
,,0
,,0
,,0
,,0
,,0
,,0
,,0
,,0
,,0
,,0
,,0
,,0
,,0
,,0
,,0
,,0
,,0
,,0
,,0
,,0
,,0
,,0
,,0
,,0
,,0
,,0
,,0
,,0
,,0
,,0
,,0
,,0
,,0
,,0
,,0
,,0
,,0
,,0
,,0
,,0
,,0
,,0
,,0
,,0
,,0
,,0
,,0
,,0
,,0
,,0
,,0
,,0
,,0
,,0
,,0
,,0
,,0
,,0
,,0
,,0
,,0
,,0
,,0
,,0
,,0
,,0
,,0
,,0
,,0
,,0
,,0
,,0
,,0
,,0
,,0
,,0
,,0
,,0
,,0
,,0
,,0
,,0
,,0
,,0
,,0
,,0
,,0
,,0
,,0
,,0
,,0
,,0
,,0
,,0
,,0
,,0
,,0
,,0
,,0
,,0
,,0
,,0
,,0
,,0
,,0
,,0
,,0
,,0
,,0
,,0
,,0
,,0
,,0
,,0
,,0
,,0
,,0
,,0
,,0
,,0
,,0
,,0
,,0
,,0
,,0
,,0
,,0
,,0
,,0
,,0
,,0
,,0
,,0
,,0
,,0
,,0
,,0
,,0
,,0
,,0
,,0
,,0
,,0
,,0
,,0
,,0
,,0
,,0
,,0
,,0
,,0
,,0
,,0
,,0
,,0
,,0
,,0
,,0
,,0
,,0
,,0
,,0
,,0
,,0
,,0
,,0
,,0
,,0
,,0
,,0
,,0
,,0
,,0
,,0
,,0
,,0
,,0
,,0
,,0
,,0
,,0
,,0
,,0
,,0
,,0
,,0
,,0
,,0
,,0
,,0
,,0
,,0
,,0
,,0
,,0
,,0
,,0
,,0
,,0
,,0
,,0
,,0
,,0
,,0
,,0
,,0
,,0
,,0
,,0
,,0
,,0
,,0
,,0
,,0
,,0
,,0
,,0
,,0
,,0
,,0
,,0
,,0
,,0
,,0
,,0
,,0
,,0
,,0
,,0
,,0
,,0
,,0
,,0
,,0
,,0
,,0
,,0
,,0
,,0
,,0
,,0
,,0
,,0
,,0
,,0
,,0
,,0
,,0
,,0
,,0
,,0
,,0
,,0
,,0
,,0
,,0
,,0
,,0
,,0
,,0
,,0
,,0
,,0
,,0
,,0
,,0
,,0
,,0
,,0
,,0
,,0
,,0
,,0
,,0
,,0
,,0
,,0
,,0
,,0
,,0
,,0
,,0
,,0
,,0
,,0
,,0
,,0
,,0
,,0
,,0
,,0
,,0
,,0
,,0
,,0
,,0
,,0
,,0
,,0
,,0
,,0
,,0
,,0
,,0
,,0
,,0
,,0
,,0
,,0
,,0
,,0
,,0
,,0
,,0
,,0
,,0
,,0
,,0
,,0
,,0
,,0
,,0
,,0
,,0
,,0
,,0
,,0
,,0
,,0
,,0
,,0
,,0
,,0
,,0
,,0