Model ID,Unofficial Name,Render,Type 4s,Type 4 Count,BMDs
0x0073dfe8,,,"0x4243eeb1, 0x48503d56, 0x485866e8, 0x567ca5bd, 0x5c6f765a, 0x6202993f, 0xc32438c4, 0xc52a8999, 0xc93fb09d, 0xdb061172, 0xdd08a02f, 0xf3683016, 0xf973b84f",13,"4260.bmd@24, 953912.bmd@49, 1851344.bmd@49, 2145040.bmd@21, 2715784.bmd@24, 3015392.bmd@47, 3435788.bmd@21, 8362104.bmd@51, 8786604.bmd@48, 10033984.bmd@8, 10768392.bmd@49, 11818848.bmd@45, 12713244.bmd@31"
0x033a18fd,,,0xdb061172,1,4260.bmd@48
0x074dd133,,,"0x4243eeb1, 0x48503d56, 0x485866e8, 0x567ca5bd, 0x5c6f765a, 0x943ef9c0, 0xc32438c4, 0xc52a8999, 0xc93fb09d, 0xcf3101c0, 0xdb061172, 0xdd08a02f, 0xf3683016, 0xf973b84f",14,"4260.bmd@0, 376856.bmd@0, 489832.bmd@56, 953912.bmd@52, 1851344.bmd@52, 2145040.bmd@49, 2715784.bmd@0, 3015392.bmd@40, 3435788.bmd@48, 8362104.bmd@47, 8786604.bmd@51, 10768392.bmd@52, 11818848.bmd@46, 12713244.bmd@34"
0x0adcfdb1,,,"0x0cb33492, 0x48503d56, 0x567ca5bd, 0x5c6f765a, 0x6202993f, 0x8009e972, 0x8bda53ba, 0xc32438c4, 0xc93fb09d, 0xcf3101c0, 0xdb061172, 0xf3683016, 0xf973b84f",13,"4260.bmd@16, 129140.bmd@21, 376856.bmd@24, 953912.bmd@37, 1209868.bmd@23, 1532740.bmd@23, 1851344.bmd@37, 2715784.bmd@21, 3435788.bmd@17, 8786604.bmd@36, 10033984.bmd@4, 10768392.bmd@37, 12713244.bmd@20"
0x10395f06,,,"0x567ca5bd, 0x5c6f765a, 0xdb061172",3,"4260.bmd@15, 2715784.bmd@19, 3435788.bmd@16"
0x16ed99cd,bikes,,"0xcf3101c0, 0xdb061172",2,"4260.bmd@54, 376856.bmd@15"
0x17f1ee63,vending_machines,,"0x0cb33492, 0x13579ee8, 0x4243eeb1, 0x485866e8, 0x567ca5bd, 0x5c6f765a, 0x6a2dcfd5, 0x8009e972, 0x8bda53ba, 0xc32438c4, 0xc52a8999, 0xc93fb09d, 0xdb061172, 0xdd08a02f, 0xf3683016, 0xf973b84f",16,"4260.bmd@47, 129140.bmd@19, 953912.bmd@35, 1209868.bmd@21, 1532740.bmd@21, 1851344.bmd@35, 2145040.bmd@36, 2715784.bmd@42, 2845212.bmd@11, 3015392.bmd@33, 3435788.bmd@42, 8362104.bmd@40, 8786604.bmd@34, 10768392.bmd@35, 11354640.bmd@38, 11818848.bmd@40"
0x23062071,,,"0x567ca5bd, 0x5c6f765a, 0xc52a8999, 0xdb061172",4,"4260.bmd@25, 2715784.bmd@25, 3435788.bmd@22, 8362104.bmd@52"
0x24a29756,trash_can,,"0x07608e5a, 0x0cb33492, 0x194c16b1, 0x1f42a7ec, 0x4243eeb1, 0x48503d56, 0x485866e8, 0x567ca5bd, 0x5c6f765a, 0x8009e972, 0x8bda53ba, 0x9e257199, 0xc32438c4, 0xc52a8999, 0xc93fb09d, 0xcf3101c0, 0xdb061172, 0xdd08a02f, 0xf3683016, 0xf973b84f",20,"4260.bmd@42, 129140.bmd@16, 376856.bmd@19, 953912.bmd@24, 1209868.bmd@52, 1532740.bmd@17, 1851344.bmd@24, 2145040.bmd@37, 2602756.bmd@23, 2715784.bmd@28, 3015392.bmd@34, 3435788.bmd@34, 8301872.bmd@18, 8362104.bmd@23, 8786604.bmd@24, 9165008.bmd@18, 10768392.bmd@24, 11818848.bmd@41, 11907728.bmd@22, 12713244.bmd@14"
0x2a31149f,,,"0x13579ee8, 0x4243eeb1, 0x48503d56, 0x485866e8, 0x567ca5bd, 0x5c6f765a, 0x6202993f, 0x943ef9c0, 0xc32438c4, 0xc52a8999, 0xc93fb09d, 0xcf3101c0, 0xdb061172, 0xdd08a02f, 0xf3683016, 0xf973b84f",16,"4260.bmd@2, 376856.bmd@2, 489832.bmd@49, 953912.bmd@0, 1851344.bmd@0, 2145040.bmd@0, 2715784.bmd@3, 2845212.bmd@62, 3015392.bmd@0, 3435788.bmd@0, 8362104.bmd@0, 8786604.bmd@0, 10033984.bmd@1, 10768392.bmd@0, 11818848.bmd@0, 12713244.bmd@4"
0x2f8fdaaa,lockers_1blue,,"0x07608e5a, 0x0cb33492, 0x0d7b0603, 0x194c16b1, 0x1f42a7ec, 0x4243eeb1, 0x48503d56, 0x485866e8, 0x567ca5bd, 0x5c6f765a, 0x8009e972, 0x8bda53ba, 0x9e257199, 0xc32438c4, 0xc52a8999, 0xc93fb09d, 0xdb061172, 0xdd08a02f, 0xf3683016, 0xf973b84f",20,"4260.bmd@38, 129140.bmd@23, 953912.bmd@29, 1209868.bmd@24, 1532740.bmd@25, 1851344.bmd@29, 2145040.bmd@30, 2602756.bmd@42, 2715784.bmd@38, 3015392.bmd@28, 3435788.bmd@30, 8301872.bmd@27, 8362104.bmd@35, 8786604.bmd@29, 9165008.bmd@27, 10768392.bmd@29, 11690944.bmd@9, 11818848.bmd@36, 11907728.bmd@39, 12713244.bmd@28"
0x32b64004,clock,,"0x07608e5a, 0x194c16b1, 0x4243eeb1, 0x48503d56, 0x485866e8, 0x567ca5bd, 0x5c6f765a, 0xc32438c4, 0xc52a8999, 0xc93fb09d, 0xcf3101c0, 0xdb061172, 0xdd08a02f, 0xf3683016, 0xf973b84f",15,"4260.bmd@19, 376856.bmd@32, 953912.bmd@15, 1851344.bmd@15, 2145040.bmd@12, 2602756.bmd@25, 2715784.bmd@14, 3015392.bmd@12, 3435788.bmd@15, 8362104.bmd@12, 8786604.bmd@16, 10768392.bmd@14, 11818848.bmd@16, 11907728.bmd@24, 12713244.bmd@9"
0x3505b14a,lockers_3blue_3orange,,"0x48503d56, 0x5c6f765a, 0xc32438c4, 0xc52a8999, 0xc93fb09d, 0xcf3101c0, 0xdb061172, 0xdd08a02f, 0xf3683016, 0xf973b84f",10,"4260.bmd@44, 376856.bmd@14, 953912.bmd@53, 1851344.bmd@53, 2145040.bmd@45, 2715784.bmd@46, 8362104.bmd@53, 8786604.bmd@52, 10768392.bmd@53, 12713244.bmd@37"
0x351c022d,corkboard_1,,"0x0cb33492, 0x0d7b0603, 0x4243eeb1, 0x48503d56, 0x485866e8, 0x567ca5bd, 0x5c6f765a, 0x8009e972, 0x8bda53ba, 0xc32438c4, 0xc52a8999, 0xc93fb09d, 0xdb061172, 0xdd08a02f, 0xf3683016, 0xf973b84f",16,"4260.bmd@39, 129140.bmd@18, 953912.bmd@32, 1209868.bmd@19, 1532740.bmd@19, 1851344.bmd@32, 2145040.bmd@34, 2715784.bmd@40, 3015392.bmd@30, 3435788.bmd@41, 8362104.bmd@37, 8786604.bmd@32, 10768392.bmd@32, 11690944.bmd@8, 11818848.bmd@38, 12713244.bmd@35"
0x39e0fc12,,,0xdb061172,1,4260.bmd@49
0x3aa60819,,,"0x13579ee8, 0x4243eeb1, 0x48503d56, 0x485866e8, 0x567ca5bd, 0x5c6f765a, 0x6202993f, 0x943ef9c0, 0xc32438c4, 0xc52a8999, 0xc93fb09d, 0xcf3101c0, 0xdb061172, 0xdd08a02f, 0xf3683016, 0xf973b84f",16,"4260.bmd@4, 376856.bmd@4, 489832.bmd@48, 953912.bmd@3, 1851344.bmd@3, 2145040.bmd@1, 2715784.bmd@2, 2845212.bmd@61, 3015392.bmd@1, 3435788.bmd@1, 8362104.bmd@3, 8786604.bmd@2, 10033984.bmd@2, 10768392.bmd@3, 11818848.bmd@3, 12713244.bmd@2"
0x3b2897a8,corkboard_2,,"0x0cb33492, 0x485866e8, 0x567ca5bd, 0x5c6f765a, 0x8bda53ba, 0xc32438c4, 0xc52a8999, 0xc93fb09d, 0xdb061172, 0xdd08a02f, 0xf3683016, 0xf973b84f",12,"4260.bmd@40, 953912.bmd@33, 1209868.bmd@20, 1532740.bmd@20, 1851344.bmd@33, 2145040.bmd@33, 2715784.bmd@39, 3015392.bmd@29, 3435788.bmd@40, 8362104.bmd@36, 8786604.bmd@33, 10768392.bmd@33"
0x485bd8d5,lockers_1green,,"0x4243eeb1, 0x48503d56, 0x485866e8, 0x567ca5bd, 0x5c6f765a, 0x6a2dcfd5, 0xc32438c4, 0xc52a8999, 0xc93fb09d, 0xdb061172, 0xdd08a02f, 0xf3683016, 0xf973b84f",13,"4260.bmd@37, 953912.bmd@30, 1851344.bmd@30, 2145040.bmd@29, 2715784.bmd@37, 3015392.bmd@27, 3435788.bmd@29, 8362104.bmd@33, 8786604.bmd@30, 10768392.bmd@30, 11354640.bmd@29, 11818848.bmd@35, 12713244.bmd@19"
0x4e13e34d,,,0xdb061172,1,4260.bmd@50
0x5a60641e,4tables,,"0x4243eeb1, 0x48503d56, 0x485866e8, 0x567ca5bd, 0x5c6f765a, 0xc32438c4, 0xc52a8999, 0xc93fb09d, 0xdb061172, 0xdd08a02f, 0xf3683016, 0xf973b84f",12,"4260.bmd@23, 953912.bmd@9, 1851344.bmd@9, 2145040.bmd@11, 2715784.bmd@13, 3015392.bmd@14, 3435788.bmd@12, 8362104.bmd@13, 8786604.bmd@14, 10768392.bmd@8, 11818848.bmd@12, 12713244.bmd@45"
0x60103630,table_3books,,"0x13579ee8, 0x4243eeb1, 0x485866e8, 0x5c6f765a, 0x943ef9c0, 0xc32438c4, 0xc52a8999, 0xc93fb09d, 0xdb061172, 0xdd08a02f, 0xf3683016, 0xf973b84f",12,"4260.bmd@18, 489832.bmd@35, 953912.bmd@13, 1851344.bmd@13, 2145040.bmd@16, 2715784.bmd@15, 2845212.bmd@47, 3015392.bmd@16, 8362104.bmd@14, 8786604.bmd@11, 10768392.bmd@12, 11818848.bmd@15"
0x6381bf1b,,,"0x07608e5a, 0x194c16b1, 0x1f42a7ec, 0x48503d56, 0x485866e8, 0x567ca5bd, 0x5c6f765a, 0x9e257199, 0xc32438c4, 0xc52a8999, 0xc93fb09d, 0xcf3101c0, 0xdb061172, 0xdd08a02f, 0xf3683016, 0xf973b84f",16,"4260.bmd@31, 376856.bmd@7, 953912.bmd@19, 1851344.bmd@19, 2145040.bmd@19, 2602756.bmd@1, 2715784.bmd@30, 3015392.bmd@43, 3435788.bmd@19, 8301872.bmd@11, 8362104.bmd@19, 8786604.bmd@19, 9165008.bmd@11, 10768392.bmd@19, 11907728.bmd@1, 12713244.bmd@41"
0x63fed6a3,chalkboard,,"0x4243eeb1, 0x48503d56, 0x485866e8, 0x567ca5bd, 0x5c6f765a, 0x943ef9c0, 0xc32438c4, 0xc52a8999, 0xc93fb09d, 0xcf3101c0, 0xdb061172, 0xdd08a02f, 0xf3683016, 0xf973b84f",14,"4260.bmd@11, 376856.bmd@40, 489832.bmd@53, 953912.bmd@14, 1851344.bmd@14, 2145040.bmd@10, 2715784.bmd@9, 3015392.bmd@10, 3435788.bmd@10, 8362104.bmd@10, 8786604.bmd@15, 10768392.bmd@13, 11818848.bmd@10, 12713244.bmd@7"
0x6c7dcc23,speaker,,"0x07608e5a, 0x0cb33492, 0x0d7b0603, 0x13579ee8, 0x194c16b1, 0x1f42a7ec, 0x3b39bf8c, 0x5c6f765a, 0x6a2dcfd5, 0x8009e972, 0x8bda53ba, 0x943ef9c0, 0x9e257199, 0xcf3101c0, 0xdb061172",15,"4260.bmd@46, 129140.bmd@30, 376856.bmd@31, 489832.bmd@8, 1209868.bmd@28, 1532740.bmd@32, 2290156.bmd@10, 2602756.bmd@24, 2715784.bmd@48, 2845212.bmd@14, 8301872.bmd@19, 9165008.bmd@19, 11354640.bmd@27, 11690944.bmd@22, 11907728.bmd@23"
0x6c9243f3,staircase,,"0x48503d56, 0x485866e8, 0x567ca5bd, 0x5c6f765a, 0xc32438c4, 0xc52a8999, 0xc93fb09d, 0xcf3101c0, 0xdb061172, 0xdd08a02f, 0xf3683016, 0xf973b84f",12,"4260.bmd@33, 376856.bmd@30, 953912.bmd@55, 1851344.bmd@55, 2145040.bmd@22, 2715784.bmd@32, 3015392.bmd@42, 3435788.bmd@32, 8362104.bmd@48, 8786604.bmd@54, 10768392.bmd@55, 12713244.bmd@42"
0x6e671d47,,,0xdb061172,1,4260.bmd@52
0x6fe64b4f,2couches,,"0x0cb33492, 0x485866e8, 0x5c6f765a, 0x8009e972, 0x8bda53ba, 0xc32438c4, 0xc93fb09d, 0xdb061172, 0xdd08a02f, 0xf3683016, 0xf973b84f",11,"4260.bmd@34, 129140.bmd@15, 953912.bmd@23, 1209868.bmd@15, 1532740.bmd@16, 1851344.bmd@23, 2145040.bmd@17, 2715784.bmd@34, 3015392.bmd@19, 8786604.bmd@23, 10768392.bmd@23"
0x768724ab,computer_desks,,"0x4243eeb1, 0x485866e8, 0x567ca5bd, 0x5c6f765a, 0xc32438c4, 0xc52a8999, 0xc93fb09d, 0xdb061172, 0xdd08a02f, 0xf3683016, 0xf973b84f",11,"4260.bmd@7, 953912.bmd@16, 1851344.bmd@16, 2145040.bmd@6, 2715784.bmd@10, 3015392.bmd@6, 3435788.bmd@6, 8362104.bmd@6, 8786604.bmd@12, 10768392.bmd@15, 11818848.bmd@6"
0x85d59ad4,teacher_desk,,"0x0cb33492, 0x13579ee8, 0x4243eeb1, 0x48503d56, 0x485866e8, 0x567ca5bd, 0x5c6f765a, 0x8009e972, 0x8bda53ba, 0x943ef9c0, 0xc32438c4, 0xc52a8999, 0xc93fb09d, 0xcf3101c0, 0xdb061172, 0xdd08a02f, 0xe75f20a4, 0xed44a8fd, 0xf3683016, 0xf973b84f",20,"4260.bmd@8, 129140.bmd@33, 376856.bmd@25, 489832.bmd@9, 785980.bmd@14, 953912.bmd@7, 1209868.bmd@31, 1532740.bmd@35, 1851344.bmd@7, 2145040.bmd@7, 2715784.bmd@11, 2845212.bmd@17, 3015392.bmd@7, 3435788.bmd@7, 8362104.bmd@7, 8583196.bmd@24, 8786604.bmd@13, 10768392.bmd@16, 11818848.bmd@7, 12713244.bmd@8"
0x8a9394bf,outside_tree,,"0x06a8bccb, 0x0cb33492, 0x13579ee8, 0x4243eeb1, 0x48503d56, 0x567ca5bd, 0x5c6f765a, 0x6036478c, 0x6a2dcfd5, 0x8009e972, 0x81c1dbe3, 0x8bda53ba, 0x943ef9c0, 0xc32438c4, 0xc52a8999, 0xc93fb09d, 0xdb061172, 0xdd08a02f, 0xed44a8fd, 0xf3683016, 0xf973b84f",21,"4260.bmd@28, 129140.bmd@56, 489832.bmd@15, 953912.bmd@27, 1209868.bmd@49, 1532740.bmd@58, 1851344.bmd@27, 2145040.bmd@23, 2336388.bmd@36, 2715784.bmd@26, 2845212.bmd@26, 3435788.bmd@23, 8362104.bmd@26, 8583196.bmd@27, 8786604.bmd@27, 9772676.bmd@37, 10339344.bmd@3, 10768392.bmd@27, 11354640.bmd@17, 11818848.bmd@18, 12713244.bmd@15"
0x8b87205e,red_velvet_rope,,"0x0cb33492, 0x0d7b0603, 0x3b39bf8c, 0x4243eeb1, 0x48503d56, 0x485866e8, 0x567ca5bd, 0x5c6f765a, 0x6036478c, 0x6a2dcfd5, 0x721e672a, 0x8009e972, 0x8bda53ba, 0xc32438c4, 0xc52a8999, 0xc93fb09d, 0xcf3101c0, 0xdb061172, 0xdd08a02f, 0xe75f20a4, 0xf3683016, 0xf973b84f",22,"4260.bmd@45, 129140.bmd@57, 376856.bmd@12, 785980.bmd@46, 953912.bmd@56, 1209868.bmd@50, 1532740.bmd@59, 1826476.bmd@7, 1851344.bmd@56, 2145040.bmd@48, 2290156.bmd@13, 2336388.bmd@42, 2715784.bmd@47, 3015392.bmd@46, 3435788.bmd@47, 8362104.bmd@50, 8786604.bmd@55, 10768392.bmd@56, 11354640.bmd@44, 11690944.bmd@30, 11818848.bmd@48, 12713244.bmd@44"
0x8b8df0df,black_triangle_1,,"0x06a8bccb, 0x07608e5a, 0x0cb33492, 0x0d7b0603, 0x13579ee8, 0x194c16b1, 0x1f42a7ec, 0x3b39bf8c, 0x4243eeb1, 0x48503d56, 0x485866e8, 0x567ca5bd, 0x5c6f765a, 0x6036478c, 0x6a2dcfd5, 0x8009e972, 0x81c1dbe3, 0x8bda53ba, 0x943ef9c0, 0x9e257199, 0xc32438c4, 0xc52a8999, 0xc93fb09d, 0xcf3101c0, 0xdb061172, 0xdd08a02f, 0xe75f20a4, 0xed44a8fd, 0xf3683016, 0xf973b84f",30,"4260.bmd@30, 129140.bmd@6, 376856.bmd@43, 489832.bmd@50, 785980.bmd@17, 953912.bmd@21, 1209868.bmd@6, 1532740.bmd@6, 1851344.bmd@21, 2145040.bmd@47, 2290156.bmd@3, 2336388.bmd@20, 2602756.bmd@0, 2715784.bmd@29, 2845212.bmd@64, 3015392.bmd@18, 3435788.bmd@46, 8301872.bmd@30, 8362104.bmd@21, 8583196.bmd@31, 8786604.bmd@21, 9165008.bmd@30, 9772676.bmd@25, 10339344.bmd@36, 10768392.bmd@21, 11354640.bmd@19, 11690944.bmd@4, 11818848.bmd@17, 11907728.bmd@0, 12713244.bmd@13"
0x8c91e142,emergency_alarm,,"0x07608e5a, 0x0cb33492, 0x0d7b0603, 0x13579ee8, 0x194c16b1, 0x1f42a7ec, 0x4243eeb1, 0x48503d56, 0x485866e8, 0x567ca5bd, 0x5c6f765a, 0x8009e972, 0x8bda53ba, 0x9e257199, 0xc32438c4, 0xc52a8999, 0xc93fb09d, 0xcf3101c0, 0xdb061172, 0xdd08a02f, 0xed44a8fd, 0xf3683016, 0xf973b84f",23,"4260.bmd@43, 129140.bmd@25, 376856.bmd@18, 953912.bmd@47, 1209868.bmd@25, 1532740.bmd@26, 1851344.bmd@47, 2145040.bmd@44, 2602756.bmd@7, 2715784.bmd@45, 2845212.bmd@13, 3015392.bmd@39, 3435788.bmd@44, 8301872.bmd@16, 8362104.bmd@46, 8583196.bmd@23, 8786604.bmd@46, 9165008.bmd@16, 10768392.bmd@47, 11690944.bmd@10, 11818848.bmd@43, 11907728.bmd@7, 12713244.bmd@36"
0x920c16d2,set_draped_chair,,"0x5c6f765a, 0xdb061172",2,"4260.bmd@20, 2715784.bmd@18"
0x92fdaeb0,backpack,,"0x13579ee8, 0x48503d56, 0x485866e8, 0x567ca5bd, 0x5c6f765a, 0x943ef9c0, 0xc52a8999, 0xdb061172, 0xdd08a02f",9,"4260.bmd@35, 489832.bmd@26, 2145040.bmd@27, 2715784.bmd@35, 2845212.bmd@37, 3015392.bmd@44, 3435788.bmd@36, 8362104.bmd@49, 12713244.bmd@43"
0x9c33d949,,,0xdb061172,1,4260.bmd@51
0x9c73bc2e,green_books,,"0x4243eeb1, 0x485866e8, 0x567ca5bd, 0x5c6f765a, 0xc32438c4, 0xc52a8999, 0xc93fb09d, 0xdb061172, 0xdd08a02f, 0xf3683016, 0xf973b84f",11,"4260.bmd@9, 953912.bmd@10, 1851344.bmd@10, 2145040.bmd@8, 2715784.bmd@8, 3015392.bmd@8, 3435788.bmd@8, 8362104.bmd@8, 8786604.bmd@8, 10768392.bmd@9, 11818848.bmd@8"
0xa14813e2,bench,,"0x4243eeb1, 0x48503d56, 0x485866e8, 0x567ca5bd, 0x5c6f765a, 0x6a2dcfd5, 0xc32438c4, 0xc52a8999, 0xc93fb09d, 0xcf3101c0, 0xdb061172, 0xdd08a02f, 0xf3683016, 0xf973b84f",14,"4260.bmd@41, 376856.bmd@44, 953912.bmd@57, 1851344.bmd@57, 2145040.bmd@35, 2715784.bmd@41, 3015392.bmd@31, 3435788.bmd@28, 8362104.bmd@39, 8786604.bmd@56, 10768392.bmd@57, 11354640.bmd@31, 11818848.bmd@39, 12713244.bmd@17"
0xa3bba583,,,"0x4243eeb1, 0x48503d56, 0x485866e8, 0x5c6f765a, 0xc32438c4, 0xc52a8999, 0xc93fb09d, 0xdb061172, 0xdd08a02f, 0xf3683016, 0xf973b84f",11,"4260.bmd@5, 953912.bmd@4, 1851344.bmd@4, 2145040.bmd@4, 2715784.bmd@6, 3015392.bmd@4, 8362104.bmd@4, 8786604.bmd@4, 10768392.bmd@4, 11818848.bmd@4, 12713244.bmd@0"
0xac50df86,empty_desk,,"0x4243eeb1, 0x485866e8, 0x567ca5bd, 0x5c6f765a, 0xc32438c4, 0xc52a8999, 0xc93fb09d, 0xdb061172, 0xdd08a02f, 0xf3683016, 0xf973b84f",11,"4260.bmd@12, 953912.bmd@8, 1851344.bmd@8, 2145040.bmd@13, 2715784.bmd@12, 3015392.bmd@13, 3435788.bmd@11, 8362104.bmd@15, 8786604.bmd@7, 10768392.bmd@7, 11818848.bmd@11"
0xb1942651,black_triangle_2,,0xdb061172,1,4260.bmd@55
0xb2b123de,,,"0x13579ee8, 0x567ca5bd, 0x5c6f765a, 0x943ef9c0, 0xdb061172",5,"4260.bmd@14, 489832.bmd@36, 2715784.bmd@20, 2845212.bmd@48, 3435788.bmd@18"
0xc1067c46,,,"0x07608e5a, 0x194c16b1, 0x1f42a7ec, 0x48503d56, 0x485866e8, 0x567ca5bd, 0x5c6f765a, 0x9e257199, 0xc32438c4, 0xc52a8999, 0xc93fb09d, 0xcf3101c0, 0xdb061172, 0xdd08a02f, 0xf3683016, 0xf973b84f",16,"4260.bmd@32, 376856.bmd@8, 953912.bmd@20, 1851344.bmd@20, 2145040.bmd@20, 2602756.bmd@2, 2715784.bmd@31, 3015392.bmd@41, 3435788.bmd@20, 8301872.bmd@12, 8362104.bmd@20, 8786604.bmd@20, 9165008.bmd@12, 10768392.bmd@20, 11907728.bmd@2, 12713244.bmd@12"
0xc15a2e49,outside_bench,,"0x13579ee8, 0x48503d56, 0x943ef9c0, 0xdb061172",4,"4260.bmd@53, 489832.bmd@46, 2845212.bmd@58, 12713244.bmd@46"
0xc22cd6ad,easel,,"0x5c6f765a, 0xcf3101c0, 0xdb061172",3,"4260.bmd@21, 376856.bmd@11, 2715784.bmd@22"
0xc244c907,,,"0x4243eeb1, 0x48503d56, 0x485866e8, 0x567ca5bd, 0x5c6f765a, 0xc32438c4, 0xc52a8999, 0xc93fb09d, 0xdb061172, 0xdd08a02f, 0xf3683016, 0xf973b84f",12,"4260.bmd@27, 953912.bmd@5, 1851344.bmd@5, 2145040.bmd@5, 2715784.bmd@7, 3015392.bmd@5, 3435788.bmd@5, 8362104.bmd@5, 8786604.bmd@5, 10768392.bmd@5, 11818848.bmd@5, 12713244.bmd@5"
0xc51d5cd9,,,0xdb061172,1,4260.bmd@26
0xce513401,,,"0x4243eeb1, 0x48503d56, 0x485866e8, 0x567ca5bd, 0x5c6f765a, 0x6202993f, 0x943ef9c0, 0xc32438c4, 0xc52a8999, 0xc93fb09d, 0xcf3101c0, 0xdb061172, 0xdd08a02f, 0xf3683016, 0xf973b84f",15,"4260.bmd@3, 376856.bmd@1, 489832.bmd@61, 953912.bmd@1, 1851344.bmd@1, 2145040.bmd@2, 2715784.bmd@4, 3015392.bmd@2, 3435788.bmd@2, 8362104.bmd@1, 8786604.bmd@1, 10033984.bmd@0, 10768392.bmd@1, 11818848.bmd@1, 12713244.bmd@1"
0xe2c4dfc7,papers_d,,"0x4243eeb1, 0x485866e8, 0x567ca5bd, 0x5c6f765a, 0xc32438c4, 0xc52a8999, 0xc93fb09d, 0xdb061172, 0xdd08a02f, 0xf3683016, 0xf973b84f",11,"4260.bmd@17, 953912.bmd@11, 1851344.bmd@11, 2145040.bmd@14, 2715784.bmd@16, 3015392.bmd@15, 3435788.bmd@13, 8362104.bmd@11, 8786604.bmd@9, 10768392.bmd@10, 11818848.bmd@13"
0xe54735f7,,,"0x13579ee8, 0x4243eeb1, 0x48503d56, 0x485866e8, 0x567ca5bd, 0x5c6f765a, 0x943ef9c0, 0xc32438c4, 0xc52a8999, 0xc93fb09d, 0xcf3101c0, 0xdb061172, 0xdd08a02f, 0xf3683016, 0xf973b84f",15,"4260.bmd@6, 376856.bmd@3, 489832.bmd@47, 953912.bmd@2, 1851344.bmd@2, 2145040.bmd@3, 2715784.bmd@5, 2845212.bmd@60, 3015392.bmd@3, 3435788.bmd@3, 8362104.bmd@2, 8786604.bmd@3, 10768392.bmd@2, 11818848.bmd@2, 12713244.bmd@3"
0xe5bce2c4,,,"0x4243eeb1, 0x48503d56, 0x485866e8, 0x567ca5bd, 0x5c6f765a, 0x6202993f, 0xc32438c4, 0xc52a8999, 0xc93fb09d, 0xcf3101c0, 0xdb061172, 0xdd08a02f, 0xf3683016, 0xf973b84f",14,"4260.bmd@1, 376856.bmd@6, 953912.bmd@18, 1851344.bmd@18, 2145040.bmd@18, 2715784.bmd@1, 3015392.bmd@17, 3435788.bmd@4, 8362104.bmd@18, 8786604.bmd@18, 10033984.bmd@3, 10768392.bmd@18, 11818848.bmd@47, 12713244.bmd@11"
0xe5fb4b0f,window_blinds,,"0x06a8bccb, 0x0cb33492, 0x13579ee8, 0x4243eeb1, 0x48503d56, 0x485866e8, 0x567ca5bd, 0x5c6f765a, 0x6036478c, 0x8009e972, 0x81c1dbe3, 0x8bda53ba, 0x943ef9c0, 0xc32438c4, 0xc52a8999, 0xc93fb09d, 0xdb061172, 0xdd08a02f, 0xe75f20a4, 0xed44a8fd, 0xf3683016, 0xf973b84f",22,"4260.bmd@36, 129140.bmd@17, 489832.bmd@6, 785980.bmd@27, 953912.bmd@28, 1209868.bmd@16, 1532740.bmd@18, 1851344.bmd@28, 2145040.bmd@28, 2336388.bmd@24, 2715784.bmd@36, 2845212.bmd@8, 3015392.bmd@26, 3435788.bmd@37, 8362104.bmd@32, 8583196.bmd@7, 8786604.bmd@28, 9772676.bmd@15, 10339344.bmd@12, 10768392.bmd@28, 11818848.bmd@33, 12713244.bmd@16"
0xecf04a42,papers_a,,"0x4243eeb1, 0x485866e8, 0x567ca5bd, 0x5c6f765a, 0xc32438c4, 0xc52a8999, 0xc93fb09d, 0xdb061172, 0xdd08a02f, 0xf3683016, 0xf973b84f",11,"4260.bmd@13, 953912.bmd@12, 1851344.bmd@12, 2145040.bmd@15, 2715784.bmd@17, 3015392.bmd@11, 3435788.bmd@14, 8362104.bmd@16, 8786604.bmd@10, 10768392.bmd@11, 11818848.bmd@14"
0xf4f4477b,drawers,,"0x07608e5a, 0x0cb33492, 0x13579ee8, 0x194c16b1, 0x1f42a7ec, 0x4243eeb1, 0x48503d56, 0x485866e8, 0x567ca5bd, 0x5c6f765a, 0x8009e972, 0x8bda53ba, 0x943ef9c0, 0x9e257199, 0xc32438c4, 0xc52a8999, 0xc93fb09d, 0xcf3101c0, 0xdb061172, 0xdd08a02f, 0xe75f20a4, 0xed44a8fd, 0xf3683016, 0xf973b84f",24,"4260.bmd@29, 129140.bmd@26, 376856.bmd@10, 489832.bmd@41, 785980.bmd@9, 953912.bmd@46, 1209868.bmd@26, 1532740.bmd@27, 1851344.bmd@46, 2145040.bmd@39, 2602756.bmd@3, 2715784.bmd@27, 2845212.bmd@53, 3015392.bmd@38, 3435788.bmd@31, 8301872.bmd@13, 8362104.bmd@45, 8583196.bmd@14, 8786604.bmd@45, 9165008.bmd@13, 10768392.bmd@46, 11818848.bmd@42, 11907728.bmd@3, 12713244.bmd@29"
0xf94118fe,,,"0x07608e5a, 0x194c16b1, 0x48503d56, 0x5c6f765a, 0xc32438c4, 0xc93fb09d, 0xcf3101c0, 0xdb061172, 0xf3683016, 0xf973b84f",10,"4260.bmd@22, 376856.bmd@23, 953912.bmd@38, 1851344.bmd@38, 2602756.bmd@5, 2715784.bmd@23, 8786604.bmd@37, 10768392.bmd@38, 11907728.bmd@5, 12713244.bmd@21"
0xfb177833,3chairs,,"0x07608e5a, 0x0cb33492, 0x0d7b0603, 0x13579ee8, 0x194c16b1, 0x1f42a7ec, 0x4243eeb1, 0x48503d56, 0x485866e8, 0x567ca5bd, 0x5c6f765a, 0x6a2dcfd5, 0x8009e972, 0x8bda53ba, 0x943ef9c0, 0x9e257199, 0xc32438c4, 0xc52a8999, 0xc93fb09d, 0xcf3101c0, 0xdb061172, 0xdd08a02f, 0xed44a8fd, 0xf3683016, 0xf973b84f",25,"4260.bmd@10, 129140.bmd@36, 376856.bmd@9, 489832.bmd@38, 953912.bmd@6, 1209868.bmd@34, 1532740.bmd@38, 1851344.bmd@6, 2145040.bmd@9, 2602756.bmd@40, 2715784.bmd@33, 2845212.bmd@49, 3015392.bmd@9, 3435788.bmd@9, 8301872.bmd@24, 8362104.bmd@9, 8583196.bmd@37, 8786604.bmd@6, 9165008.bmd@24, 10768392.bmd@6, 11354640.bmd@33, 11690944.bmd@15, 11818848.bmd@9, 11907728.bmd@37, 12713244.bmd@6"
0x0a3d1e0d,round_cafeteria_table,,"0x0cb33492, 0x8009e972, 0x8bda53ba, 0xc32438c4, 0xc52a8999, 0xc93fb09d, 0xdd08a02f, 0xf3683016, 0xf973b84f",9,"129140.bmd@14, 953912.bmd@22, 1209868.bmd@14, 1532740.bmd@15, 1851344.bmd@22, 2145040.bmd@24, 8362104.bmd@22, 8786604.bmd@22, 10768392.bmd@22"
0x1fbe267f,,,"0x07608e5a, 0x0cb33492, 0x0d7b0603, 0x13579ee8, 0x194c16b1, 0x1f42a7ec, 0x8009e972, 0x8bda53ba, 0x943ef9c0, 0x9e257199",10,"129140.bmd@5, 489832.bmd@3, 1209868.bmd@5, 1532740.bmd@5, 2602756.bmd@15, 2845212.bmd@4, 8301872.bmd@4, 9165008.bmd@4, 11690944.bmd@3, 11907728.bmd@15"
0x28a3a90d,,,"0x0cb33492, 0x8009e972, 0x8bda53ba",3,"129140.bmd@11, 1209868.bmd@12, 1532740.bmd@12"
0x2f096eca,,,"0x07608e5a, 0x0cb33492, 0x0d7b0603, 0x13579ee8, 0x194c16b1, 0x1f42a7ec, 0x3b39bf8c, 0x721e672a, 0x8009e972, 0x8bda53ba, 0x9e257199, 0xcf3101c0",12,"129140.bmd@32, 376856.bmd@20, 1209868.bmd@30, 1532740.bmd@34, 1826476.bmd@5, 2290156.bmd@7, 2602756.bmd@16, 2845212.bmd@16, 8301872.bmd@7, 9165008.bmd@7, 11690944.bmd@12, 11907728.bmd@16"
0x37a0fef1,stacked_loudspeakers,,"0x07608e5a, 0x0cb33492, 0x0d7b0603, 0x194c16b1, 0x1f42a7ec, 0x721e672a, 0x8009e972, 0x9e257199, 0xcf3101c0, 0xe56bfe17",10,"129140.bmd@42, 376856.bmd@35, 1532740.bmd@44, 1826476.bmd@2, 2602756.bmd@41, 8301872.bmd@26, 9165008.bmd@26, 10720812.bmd@4, 11690944.bmd@20, 11907728.bmd@38"
0x3d367676,,,"0x07608e5a, 0x0cb33492, 0x0d7b0603, 0x13579ee8, 0x194c16b1, 0x1f42a7ec, 0x3b39bf8c, 0x8009e972, 0x8bda53ba, 0x943ef9c0, 0x9e257199",11,"129140.bmd@12, 489832.bmd@54, 1209868.bmd@13, 1532740.bmd@13, 2290156.bmd@5, 2602756.bmd@19, 2845212.bmd@7, 8301872.bmd@10, 9165008.bmd@10, 11690944.bmd@6, 11907728.bmd@19"
0x3e7d8184,tool_cart,,"0x0cb33492, 0x0d7b0603, 0x8009e972, 0x8bda53ba",4,"129140.bmd@51, 1209868.bmd@45, 1532740.bmd@53, 11690944.bmd@26"
0x3fce5862,,,"0x07608e5a, 0x0cb33492, 0x0d7b0603, 0x13579ee8, 0x194c16b1, 0x1f42a7ec, 0x3b39bf8c, 0x8009e972, 0x8bda53ba, 0x943ef9c0, 0x9e257199",11,"129140.bmd@0, 489832.bmd@1, 1209868.bmd@1, 1532740.bmd@0, 2290156.bmd@2, 2602756.bmd@12, 2845212.bmd@2, 8301872.bmd@5, 9165008.bmd@5, 11690944.bmd@0, 11907728.bmd@12"
0x4c7d348b,film_camera,,"0x07608e5a, 0x0cb33492, 0x0d7b0603, 0x13579ee8, 0x194c16b1, 0x3b39bf8c, 0x8009e972, 0x943ef9c0",8,"129140.bmd@52, 489832.bmd@28, 1532740.bmd@54, 2290156.bmd@12, 2602756.bmd@32, 2845212.bmd@39, 11690944.bmd@27, 11907728.bmd@30"
0x50a635b7,ladder,,"0x07608e5a, 0x0cb33492, 0x0d7b0603, 0x13579ee8, 0x194c16b1, 0x1f42a7ec, 0x8009e972, 0x943ef9c0, 0x9e257199, 0xcf3101c0",10,"129140.bmd@45, 376856.bmd@21, 489832.bmd@44, 1532740.bmd@47, 2602756.bmd@8, 2845212.bmd@56, 8301872.bmd@17, 9165008.bmd@17, 11690944.bmd@24, 11907728.bmd@8"
0x536491dc,,,"0x0cb33492, 0x8009e972, 0x8bda53ba, 0x943ef9c0",4,"129140.bmd@9, 489832.bmd@57, 1209868.bmd@10, 1532740.bmd@10"
0x5738e448,broom_dustpan,,"0x07608e5a, 0x0cb33492, 0x13579ee8, 0x194c16b1, 0x1f42a7ec, 0x4243eeb1, 0x567ca5bd, 0x8009e972, 0x8bda53ba, 0x9e257199, 0xc32438c4, 0xc93fb09d, 0xcf3101c0, 0xdd08a02f, 0xf3683016, 0xf973b84f",16,"129140.bmd@48, 376856.bmd@26, 953912.bmd@31, 1209868.bmd@18, 1532740.bmd@50, 1851344.bmd@31, 2145040.bmd@32, 2602756.bmd@34, 2845212.bmd@10, 3435788.bmd@39, 8301872.bmd@22, 8786604.bmd@31, 9165008.bmd@22, 10768392.bmd@31, 11818848.bmd@37, 11907728.bmd@31"
0x65342dcc,,,"0x0cb33492, 0x13579ee8, 0x8009e972, 0x8bda53ba, 0x943ef9c0",5,"129140.bmd@7, 489832.bmd@5, 1209868.bmd@7, 1532740.bmd@7, 2845212.bmd@6"
0x694a1cea,childrens_set,,"0x0cb33492, 0x8009e972",2,"129140.bmd@59, 1532740.bmd@61"
0x6e9e9471,,,"0x07608e5a, 0x0cb33492, 0x13579ee8, 0x194c16b1, 0x8009e972, 0x943ef9c0, 0xcf3101c0",7,"129140.bmd@44, 376856.bmd@42, 489832.bmd@42, 1532740.bmd@46, 2602756.bmd@22, 2845212.bmd@54, 11907728.bmd@21"
0x6fd91db3,flood_lamp,,"0x07608e5a, 0x0cb33492, 0x0d7b0603, 0x194c16b1, 0x1f42a7ec, 0x8009e972, 0x9e257199",7,"129140.bmd@49, 1532740.bmd@51, 2602756.bmd@49, 8301872.bmd@29, 9165008.bmd@29, 11690944.bmd@25, 11907728.bmd@45"
0x76458d87,cabinet,,"0x0cb33492, 0x13579ee8, 0x8009e972, 0x8bda53ba, 0x943ef9c0",5,"129140.bmd@61, 489832.bmd@43, 1209868.bmd@42, 1532740.bmd@63, 2845212.bmd@55"
0x7e703cc2,flower_bed,,"0x0cb33492, 0x0d7b0603, 0x13579ee8, 0x6036478c, 0x6a2dcfd5, 0x721e672a, 0x8009e972, 0x81c1dbe3, 0x8bda53ba",9,"129140.bmd@34, 1209868.bmd@33, 1532740.bmd@36, 1826476.bmd@6, 2336388.bmd@40, 2845212.bmd@18, 9772676.bmd@40, 11354640.bmd@40, 11690944.bmd@13"
0x80d3309a,kitchen,,"0x0cb33492, 0x8009e972, 0xc32438c4, 0xc93fb09d, 0xf3683016, 0xf973b84f",6,"129140.bmd@27, 953912.bmd@50, 1532740.bmd@28, 1851344.bmd@50, 8786604.bmd@49, 10768392.bmd@50"
0x8bfec218,loudspeaker,,"0x0cb33492, 0x0d7b0603, 0x3b39bf8c, 0x8009e972",4,"129140.bmd@47, 1532740.bmd@49, 2290156.bmd@11, 11690944.bmd@23"
0x8cce6a83,set_blue,,"0x0cb33492, 0x8009e972",2,"129140.bmd@60, 1532740.bmd@62"
0x8d1a6822,directors_chair,,"0x07608e5a, 0x0cb33492, 0x0d7b0603, 0x13579ee8, 0x194c16b1, 0x8009e972, 0x8bda53ba, 0x943ef9c0",8,"129140.bmd@37, 489832.bmd@37, 1209868.bmd@37, 1532740.bmd@39, 2602756.bmd@30, 2845212.bmd@50, 11690944.bmd@16, 11907728.bmd@28"
0x8d5e865d,,,"0x07608e5a, 0x0cb33492, 0x13579ee8, 0x194c16b1, 0x1f42a7ec, 0x8009e972, 0x8bda53ba, 0x943ef9c0, 0x9e257199",9,"129140.bmd@3, 489832.bmd@2, 1209868.bmd@3, 1532740.bmd@4, 2602756.bmd@13, 2845212.bmd@3, 8301872.bmd@2, 9165008.bmd@2, 11907728.bmd@13"
0x8e5ad5b9,book_cart,,"0x0cb33492, 0x8009e972, 0x8bda53ba, 0xc32438c4, 0xc93fb09d, 0xf3683016, 0xf973b84f",7,"129140.bmd@24, 953912.bmd@45, 1209868.bmd@27, 1532740.bmd@29, 1851344.bmd@45, 8786604.bmd@44, 10768392.bmd@45"
0x8ef48cbd,crt_desk,,"0x07608e5a, 0x0cb33492, 0x13579ee8, 0x721e672a, 0x8009e972, 0x8bda53ba, 0x943ef9c0, 0xcf3101c0",8,"129140.bmd@46, 376856.bmd@17, 489832.bmd@12, 1209868.bmd@41, 1532740.bmd@48, 1826476.bmd@8, 2602756.bmd@21, 2845212.bmd@22"
0x90b8590d,,,"0x0cb33492, 0x0d7b0603, 0x3b39bf8c, 0x721e672a, 0x8009e972, 0x8bda53ba",6,"129140.bmd@8, 1209868.bmd@8, 1532740.bmd@8, 1826476.bmd@4, 2290156.bmd@4, 11690944.bmd@5"
0x9bb2d7f6,red_light,,"0x0cb33492, 0x0d7b0603, 0x8009e972",3,"129140.bmd@29, 1532740.bmd@31, 11690944.bmd@11"
0x9ccb3932,spotlight,,"0x07608e5a, 0x0cb33492, 0x0d7b0603, 0x13579ee8, 0x194c16b1, 0x8009e972, 0x943ef9c0",7,"129140.bmd@54, 489832.bmd@31, 1532740.bmd@56, 2602756.bmd@48, 2845212.bmd@42, 11690944.bmd@29, 11907728.bmd@44"
0xa13d6122,,,"0x07608e5a, 0x0cb33492, 0x0d7b0603, 0x194c16b1, 0x1f42a7ec, 0x3b39bf8c, 0x8009e972, 0x8bda53ba, 0x9e257199",9,"129140.bmd@2, 1209868.bmd@2, 1532740.bmd@3, 2290156.bmd@0, 2602756.bmd@18, 8301872.bmd@6, 9165008.bmd@6, 11690944.bmd@1, 11907728.bmd@18"
0xa4b24fb8,microphone,,"0x07608e5a, 0x0cb33492, 0x0d7b0603, 0x194c16b1, 0x3b39bf8c, 0x640c2862, 0x721e672a, 0x8009e972, 0xe56bfe17",9,"129140.bmd@41, 1532740.bmd@43, 1826476.bmd@1, 2290156.bmd@9, 2602756.bmd@37, 10720812.bmd@3, 11148480.bmd@4, 11690944.bmd@19, 11907728.bmd@34"
0xa4d2c149,phone,,"0x06a8bccb, 0x0cb33492, 0x13579ee8, 0x4243eeb1, 0x48503d56, 0x485866e8, 0x567ca5bd, 0x5c6f765a, 0x6036478c, 0x6a2dcfd5, 0x8009e972, 0x81c1dbe3, 0x8bda53ba, 0xc32438c4, 0xc52a8999, 0xc93fb09d, 0xcf3101c0, 0xdd08a02f, 0xe75f20a4, 0xed44a8fd, 0xf3683016, 0xf973b84f",22,"129140.bmd@20, 376856.bmd@37, 785980.bmd@13, 953912.bmd@36, 1209868.bmd@22, 1532740.bmd@22, 1851344.bmd@36, 2145040.bmd@38, 2336388.bmd@34, 2715784.bmd@49, 2845212.bmd@12, 3015392.bmd@32, 3435788.bmd@26, 8362104.bmd@27, 8583196.bmd@21, 8786604.bmd@35, 9772676.bmd@9, 10339344.bmd@18, 10768392.bmd@36, 11354640.bmd@15, 11818848.bmd@28, 12713244.bmd@18"
0xa753670b,book_shelves,,"0x07608e5a, 0x0cb33492, 0x194c16b1, 0x1f42a7ec, 0x48503d56, 0x567ca5bd, 0x5c6f765a, 0x8009e972, 0x9e257199, 0xc32438c4, 0xc93fb09d, 0xcf3101c0, 0xdd08a02f, 0xf3683016, 0xf973b84f",15,"129140.bmd@22, 376856.bmd@13, 953912.bmd@39, 1532740.bmd@24, 1851344.bmd@39, 2145040.bmd@40, 2602756.bmd@4, 2715784.bmd@43, 3435788.bmd@43, 8301872.bmd@14, 8786604.bmd@38, 9165008.bmd@14, 10768392.bmd@39, 11907728.bmd@4, 12713244.bmd@22"
0xa9199ec9,stage,,"0x0cb33492, 0x0d7b0603, 0x3b39bf8c, 0x8009e972, 0xe56bfe17",5,"129140.bmd@64, 1532740.bmd@67, 2290156.bmd@14, 10720812.bmd@2, 11690944.bmd@33"
0xaa44e215,water_cooler,,"0x0cb33492, 0x13579ee8, 0x8009e972, 0x8bda53ba",4,"129140.bmd@31, 1209868.bmd@29, 1532740.bmd@33, 2845212.bmd@15"
0xaa86da3d,handing_microphone,,"0x07608e5a, 0x0cb33492, 0x13579ee8, 0x194c16b1, 0x8009e972, 0x943ef9c0",6,"129140.bmd@40, 489832.bmd@30, 1532740.bmd@42, 2602756.bmd@36, 2845212.bmd@41, 11907728.bmd@33"
0xaab57803,stage_chairs,,"0x0cb33492, 0x0d7b0603, 0x3b39bf8c, 0x8009e972",4,"129140.bmd@38, 1532740.bmd@40, 2290156.bmd@8, 11690944.bmd@17"
0xb1229935,,,"0x07608e5a, 0x0cb33492, 0x0d7b0603, 0x13579ee8, 0x194c16b1, 0x1f42a7ec, 0x3b39bf8c, 0x721e672a, 0x8009e972, 0x8bda53ba, 0x943ef9c0, 0x9e257199",12,"129140.bmd@4, 489832.bmd@0, 1209868.bmd@0, 1532740.bmd@1, 1826476.bmd@3, 2290156.bmd@1, 2602756.bmd@14, 2845212.bmd@1, 8301872.bmd@3, 9165008.bmd@3, 11690944.bmd@2, 11907728.bmd@14"
0xb2d31abe,console,,"0x07608e5a, 0x0cb33492, 0x194c16b1, 0x1f42a7ec, 0x8009e972, 0x9e257199",6,"129140.bmd@62, 1532740.bmd@64, 2602756.bmd@47, 8301872.bmd@28, 9165008.bmd@28, 11907728.bmd@43"
0xb67ece3b,tv_cart,,"0x07608e5a, 0x0cb33492, 0x0d7b0603, 0x13579ee8, 0x194c16b1, 0x8009e972, 0x8bda53ba, 0x943ef9c0",8,"129140.bmd@53, 489832.bmd@13, 1209868.bmd@47, 1532740.bmd@55, 2602756.bmd@50, 2845212.bmd@24, 11690944.bmd@28, 11907728.bmd@46"
0xc119ec18,set_purple,,"0x0cb33492, 0x8009e972",2,"129140.bmd@28, 1532740.bmd@30"
0xc9e593ef,suit_rack,,"0x07608e5a, 0x0cb33492, 0x0d7b0603, 0x13579ee8, 0x194c16b1, 0x8009e972, 0x8bda53ba",7,"129140.bmd@50, 1209868.bmd@43, 1532740.bmd@52, 2602756.bmd@46, 2845212.bmd@23, 11690944.bmd@34, 11907728.bmd@42"
0xcaae9512,,,"0x0cb33492, 0x13579ee8, 0x8009e972, 0x943ef9c0",4,"129140.bmd@55, 489832.bmd@14, 1532740.bmd@57, 2845212.bmd@25"
0xcec99c20,coffee_chairs,,"0x0cb33492, 0x0d7b0603, 0x13579ee8, 0x8009e972, 0x8bda53ba",5,"129140.bmd@39, 1209868.bmd@38, 1532740.bmd@41, 2845212.bmd@19, 11690944.bmd@18"
0xd08e3934,,,"0x07608e5a, 0x0cb33492, 0x0d7b0603, 0x13579ee8, 0x194c16b1, 0x8009e972, 0x8bda53ba, 0x943ef9c0, 0xcf3101c0",9,"129140.bmd@58, 376856.bmd@16, 489832.bmd@16, 1209868.bmd@51, 1532740.bmd@60, 2602756.bmd@20, 2845212.bmd@27, 11690944.bmd@31, 11907728.bmd@20"
0xd8e64dbb,piano,,"0x0cb33492, 0x0d7b0603, 0x13579ee8, 0x6202993f, 0x6a2dcfd5, 0x8009e972, 0x943ef9c0, 0xcf3101c0, 0xe56bfe17",9,"129140.bmd@43, 376856.bmd@34, 489832.bmd@33, 1532740.bmd@45, 2845212.bmd@45, 10033984.bmd@9, 10720812.bmd@1, 11354640.bmd@37, 11690944.bmd@21"
0xddc3fb0d,,,"0x0cb33492, 0x13579ee8, 0x8009e972, 0x8bda53ba, 0x943ef9c0",5,"129140.bmd@1, 489832.bmd@4, 1209868.bmd@4, 1532740.bmd@2, 2845212.bmd@5"
0xde3b996b,sofa_table,,"0x0cb33492, 0x0d7b0603, 0x5c6f765a, 0x8009e972, 0x8bda53ba, 0xdd08a02f",6,"129140.bmd@35, 1209868.bmd@35, 1532740.bmd@37, 2145040.bmd@43, 2715784.bmd@44, 11690944.bmd@14"
0xe868780a,,,"0x0cb33492, 0x8009e972, 0x8bda53ba",3,"129140.bmd@10, 1209868.bmd@11, 1532740.bmd@11"
0xe9317314,,,"0x0cb33492, 0x0d7b0603, 0x8009e972, 0x8bda53ba",4,"129140.bmd@63, 1209868.bmd@57, 1532740.bmd@66, 11690944.bmd@32"
0xfa6a53c8,,,"0x0cb33492, 0x0d7b0603, 0x13579ee8, 0x3b39bf8c, 0x8009e972, 0x8bda53ba, 0x943ef9c0",7,"129140.bmd@13, 489832.bmd@52, 1209868.bmd@58, 1532740.bmd@14, 2290156.bmd@6, 2845212.bmd@0, 11690944.bmd@7"
0x15c7f38d,,,"0x07608e5a, 0x194c16b1, 0x1f42a7ec, 0x6a2dcfd5, 0x9e257199, 0xcf3101c0",6,"376856.bmd@45, 2602756.bmd@17, 8301872.bmd@8, 9165008.bmd@8, 11354640.bmd@34, 11907728.bmd@17"
0x2e6112bf,,,"0x07608e5a, 0x194c16b1, 0x1f42a7ec, 0x6a2dcfd5, 0x9e257199, 0xcf3101c0",6,"376856.bmd@46, 2602756.bmd@10, 8301872.bmd@0, 9165008.bmd@0, 11354640.bmd@24, 11907728.bmd@10"
0x3b3124cf,lockers_2green_2blue,,"0x48503d56, 0x485866e8, 0xc32438c4, 0xc93fb09d, 0xcf3101c0, 0xed44a8fd, 0xf3683016, 0xf973b84f",8,"376856.bmd@41, 953912.bmd@54, 1851344.bmd@54, 3015392.bmd@45, 8583196.bmd@0, 8786604.bmd@53, 10768392.bmd@54, 12713244.bmd@38"
0x7132f437,,,0xcf3101c0,1,376856.bmd@27
0x7f0661b2,,,"0x06a8bccb, 0x07608e5a, 0x194c16b1, 0x1f42a7ec, 0x81c1dbe3, 0x9e257199, 0xcf3101c0",7,"376856.bmd@22, 2602756.bmd@6, 8301872.bmd@15, 9165008.bmd@15, 9772676.bmd@11, 10339344.bmd@24, 11907728.bmd@6"
0x889e73d9,,,0xcf3101c0,1,376856.bmd@28
0x9970f52d,yoga_mats,,"0x4243eeb1, 0x6a2dcfd5, 0xcf3101c0",3,"376856.bmd@38, 11354640.bmd@35, 11818848.bmd@23"
0xcd4901fd,,,"0x07608e5a, 0x194c16b1, 0x1f42a7ec, 0x8bda53ba, 0x9e257199, 0xcf3101c0",6,"376856.bmd@36, 1209868.bmd@48, 2602756.bmd@26, 8301872.bmd@20, 9165008.bmd@20, 11907728.bmd@25"
0xecb27a7c,,,0xcf3101c0,1,376856.bmd@5
0xefcc66b5,dumbbell,,"0x4243eeb1, 0xcf3101c0",2,"376856.bmd@33, 11818848.bmd@22"
0xf46e9681,stepladder,,"0x07608e5a, 0x194c16b1, 0x1f42a7ec, 0x9e257199, 0xcf3101c0",5,"376856.bmd@29, 2602756.bmd@27, 8301872.bmd@21, 9165008.bmd@21, 11907728.bmd@26"
0xfae13fb6,fence,,"0x13579ee8, 0x48503d56, 0x943ef9c0, 0xcf3101c0",4,"376856.bmd@39, 489832.bmd@25, 2845212.bmd@36, 12713244.bmd@33"
0x0590955a,,,"0x13579ee8, 0x640c2862, 0x943ef9c0",3,"489832.bmd@40, 2845212.bmd@52, 11148480.bmd@6"
0x12b07ff1,,,"0x13579ee8, 0x943ef9c0",2,"489832.bmd@51, 2845212.bmd@63"
0x2ed597e2,horsedrawn_cart,,"0x13579ee8, 0x943ef9c0",2,"489832.bmd@59, 2845212.bmd@65"
0x2f4a1258,,,"0x13579ee8, 0x943ef9c0",2,"489832.bmd@60, 2845212.bmd@43"
0x373bfc3c,,,"0x13579ee8, 0x943ef9c0",2,"489832.bmd@23, 2845212.bmd@34"
0x3ac4b6a3,,,"0x13579ee8, 0x943ef9c0",2,"489832.bmd@45, 2845212.bmd@57"
0x40a251da,,,"0x13579ee8, 0x943ef9c0",2,"489832.bmd@20, 2845212.bmd@31"
0x4249a10e,film_camera,,"0x07608e5a, 0x13579ee8, 0x943ef9c0",3,"489832.bmd@29, 2602756.bmd@33, 2845212.bmd@40"
0x51fbb913,table_2chairs,,"0x13579ee8, 0x943ef9c0",2,"489832.bmd@34, 2845212.bmd@46"
0x635eb8ea,,,"0x13579ee8, 0x943ef9c0",2,"489832.bmd@22, 2845212.bmd@33"
0x64fd5409,,,0x943ef9c0,1,489832.bmd@55
0x6c970954,horse,,"0x13579ee8, 0x640c2862, 0x943ef9c0",3,"489832.bmd@24, 2845212.bmd@35, 11148480.bmd@2"
0x71778f31,bookshelf,,"0x0cb33492, 0x13579ee8, 0x8bda53ba, 0x943ef9c0",4,"489832.bmd@17, 1209868.bmd@56, 1532740.bmd@65, 2845212.bmd@28"
0x792377c2,,,"0x07608e5a, 0x13579ee8, 0x194c16b1, 0x943ef9c0",4,"489832.bmd@39, 2602756.bmd@28, 2845212.bmd@51, 11907728.bmd@27"
0x7dbea1da,,,"0x07608e5a, 0x13579ee8, 0x194c16b1, 0x943ef9c0",4,"489832.bmd@27, 2602756.bmd@35, 2845212.bmd@38, 11907728.bmd@32"
0x8b5d90e1,parking_lot,,"0x13579ee8, 0x6a2dcfd5, 0x8bda53ba, 0x943ef9c0, 0xed44a8fd",5,"489832.bmd@10, 1209868.bmd@40, 2845212.bmd@21, 8583196.bmd@28, 11354640.bmd@18"
0x90f8f9d9,,,"0x13579ee8, 0x640c2862, 0x943ef9c0",3,"489832.bmd@21, 2845212.bmd@32, 11148480.bmd@5"
0x9aaaf20d,window_wide,,"0x13579ee8, 0x8bda53ba, 0x943ef9c0",3,"489832.bmd@7, 1209868.bmd@17, 2845212.bmd@9"
0x9bb5f94d,,,"0x13579ee8, 0x943ef9c0",2,"489832.bmd@19, 2845212.bmd@30"
0xa5c1d564,trough,,"0x13579ee8, 0x943ef9c0",2,"489832.bmd@58, 2845212.bmd@66"
0xa9dc9309,cobblestones,,"0x13579ee8, 0x943ef9c0",2,"489832.bmd@62, 2845212.bmd@67"
0xb74cf51f,ferns,,"0x13579ee8, 0x943ef9c0",2,"489832.bmd@63, 2845212.bmd@68"
0xc73fabcc,streetlamp,,"0x07608e5a, 0x13579ee8, 0x48503d56, 0x8bda53ba, 0x943ef9c0, 0xc32438c4, 0xc93fb09d, 0xed44a8fd, 0xf3683016, 0xf973b84f",10,"489832.bmd@11, 953912.bmd@51, 1209868.bmd@39, 1851344.bmd@51, 2602756.bmd@29, 2845212.bmd@20, 8583196.bmd@30, 8786604.bmd@50, 10768392.bmd@51, 12713244.bmd@32"
0xd2b89ec0,,,"0x13579ee8, 0x943ef9c0",2,"489832.bmd@18, 2845212.bmd@29"
0xde430c88,barrels,,"0x07608e5a, 0x13579ee8, 0x194c16b1, 0x1f42a7ec, 0x640c2862, 0x943ef9c0, 0x9e257199",7,"489832.bmd@32, 2602756.bmd@39, 2845212.bmd@44, 8301872.bmd@25, 9165008.bmd@25, 11148480.bmd@1, 11907728.bmd@36"
0x26677aa8,drake,,"0x06a8bccb, 0x07608e5a, 0x0cb33492, 0x194c16b1, 0x1f42a7ec, 0x4243eeb1, 0x48503d56, 0x485866e8, 0x567ca5bd, 0x5c6f765a, 0x6036478c, 0x6a2dcfd5, 0x8009e972, 0x81c1dbe3, 0x8bda53ba, 0x9e257199, 0xaf7abe2a, 0xc32438c4, 0xc52a8999, 0xc93fb09d, 0xcf3101c0, 0xdb061172, 0xdd08a02f, 0xe75f20a4, 0xed44a8fd, 0xf3683016",26,"643712.bmd@18, 1113568.bmd@6, 1365320.bmd@14, 1465172.bmd@4, 2001536.bmd@7, 3271020.bmd@21, 3952272.bmd@7, 5668812.bmd@2, 7683864.bmd@16, 7849040.bmd@4, 7931836.bmd@14, 8179364.bmd@12, 10161640.bmd@17, 10265108.bmd@14, 10503564.bmd@1, 10606064.bmd@3, 11061008.bmd@14, 11511040.bmd@12, 11605972.bmd@3, 12068644.bmd@10, 12220728.bmd@13, 12826676.bmd@17, 12912648.bmd@17, 13021632.bmd@3, 13505160.bmd@9, 13572780.bmd@14"
0x32293880,,,"0x06a8bccb, 0x07608e5a, 0x0cb33492, 0x0d7b0603, 0x13579ee8, 0x194c16b1, 0x1f42a7ec, 0x3b39bf8c, 0x4243eeb1, 0x48503d56, 0x485866e8, 0x567ca5bd, 0x5c6f765a, 0x6036478c, 0x6a2dcfd5, 0x8009e972, 0x81c1dbe3, 0x8bda53ba, 0x943ef9c0, 0x9e257199, 0xaf7abe2a, 0xc32438c4, 0xc52a8999, 0xc93fb09d, 0xcf3101c0, 0xdb061172, 0xdd08a02f, 0xe75f20a4, 0xed44a8fd, 0xf3683016, 0xf973b84f",31,"643712.bmd@31, 1113568.bmd@28, 1365320.bmd@28, 1465172.bmd@22, 2001536.bmd@22, 3168764.bmd@23, 3271020.bmd@38, 3952272.bmd@21, 5668812.bmd@17, 7683864.bmd@31, 7849040.bmd@28, 7931836.bmd@28, 8179364.bmd@26, 8935020.bmd@33, 9088136.bmd@23, 9947992.bmd@31, 10161640.bmd@30, 10265108.bmd@27, 10503564.bmd@26, 10606064.bmd@29, 11061008.bmd@28, 11511040.bmd@26, 11605972.bmd@27, 12068644.bmd@23, 12220728.bmd@27, 12826676.bmd@32, 12912648.bmd@32, 13021632.bmd@27, 13505160.bmd@22, 13572780.bmd@28, 13664580.bmd@29"
0x3b66435f,,,"0x07608e5a, 0x0cb33492, 0x13579ee8, 0x194c16b1, 0x1f42a7ec, 0x8009e972, 0x8bda53ba, 0x943ef9c0, 0x9e257199",9,"643712.bmd@7, 7683864.bmd@7, 7931836.bmd@8, 9947992.bmd@15, 10265108.bmd@10, 11511040.bmd@9, 12068644.bmd@0, 12826676.bmd@12, 13664580.bmd@12"
0x3b90013e,lock,,"0x06a8bccb, 0x07608e5a, 0x0cb33492, 0x0d7b0603, 0x13579ee8, 0x194c16b1, 0x1f42a7ec, 0x3b39bf8c, 0x4243eeb1, 0x48503d56, 0x485866e8, 0x567ca5bd, 0x5c6f765a, 0x6036478c, 0x6a2dcfd5, 0x8009e972, 0x81c1dbe3, 0x8bda53ba, 0x943ef9c0, 0x9e257199, 0xaf7abe2a, 0xc32438c4, 0xc52a8999, 0xc93fb09d, 0xcf3101c0, 0xdb061172, 0xdd08a02f, 0xe75f20a4, 0xed44a8fd, 0xf3683016, 0xf973b84f",31,"643712.bmd@28, 1113568.bmd@25, 1365320.bmd@25, 1465172.bmd@19, 2001536.bmd@19, 3168764.bmd@20, 3271020.bmd@35, 3952272.bmd@18, 5668812.bmd@14, 7683864.bmd@28, 7849040.bmd@25, 7931836.bmd@25, 8179364.bmd@23, 8935020.bmd@30, 9088136.bmd@20, 9947992.bmd@28, 10161640.bmd@27, 10265108.bmd@24, 10503564.bmd@23, 10606064.bmd@26, 11061008.bmd@25, 11511040.bmd@23, 11605972.bmd@24, 12068644.bmd@20, 12220728.bmd@24, 12826676.bmd@29, 12912648.bmd@29, 13021632.bmd@24, 13505160.bmd@19, 13572780.bmd@25, 13664580.bmd@26"
0x4616635f,stunned,,"0x06a8bccb, 0x07608e5a, 0x0cb33492, 0x0d7b0603, 0x13579ee8, 0x194c16b1, 0x1f42a7ec, 0x3b39bf8c, 0x4243eeb1, 0x48503d56, 0x485866e8, 0x567ca5bd, 0x5c6f765a, 0x6036478c, 0x6a2dcfd5, 0x8009e972, 0x81c1dbe3, 0x8bda53ba, 0x943ef9c0, 0x9e257199, 0xaf7abe2a, 0xc32438c4, 0xc52a8999, 0xc93fb09d, 0xcf3101c0, 0xdb061172, 0xdd08a02f, 0xe75f20a4, 0xed44a8fd, 0xf3683016, 0xf973b84f",31,"643712.bmd@29, 1113568.bmd@26, 1365320.bmd@26, 1465172.bmd@20, 2001536.bmd@20, 3168764.bmd@21, 3271020.bmd@36, 3952272.bmd@19, 5668812.bmd@15, 7683864.bmd@29, 7849040.bmd@26, 7931836.bmd@26, 8179364.bmd@24, 8935020.bmd@31, 9088136.bmd@21, 9947992.bmd@29, 10161640.bmd@28, 10265108.bmd@25, 10503564.bmd@24, 10606064.bmd@27, 11061008.bmd@26, 11511040.bmd@24, 11605972.bmd@25, 12068644.bmd@21, 12220728.bmd@25, 12826676.bmd@30, 12912648.bmd@30, 13021632.bmd@25, 13505160.bmd@20, 13572780.bmd@26, 13664580.bmd@27"
0x462fb076,magic_wand,,"0x06a8bccb, 0x07608e5a, 0x0cb33492, 0x0d7b0603, 0x13579ee8, 0x194c16b1, 0x1f42a7ec, 0x3b39bf8c, 0x4243eeb1, 0x48503d56, 0x485866e8, 0x567ca5bd, 0x5c6f765a, 0x6036478c, 0x6a2dcfd5, 0x8009e972, 0x81c1dbe3, 0x8bda53ba, 0x943ef9c0, 0x9e257199, 0xaf7abe2a, 0xc32438c4, 0xc52a8999, 0xc93fb09d, 0xcf3101c0, 0xdb061172, 0xdd08a02f, 0xe75f20a4, 0xed44a8fd, 0xf3683016, 0xf973b84f",31,"643712.bmd@25, 1113568.bmd@22, 1365320.bmd@22, 1465172.bmd@16, 2001536.bmd@16, 3168764.bmd@17, 3271020.bmd@32, 3952272.bmd@15, 5668812.bmd@11, 7683864.bmd@25, 7849040.bmd@22, 7931836.bmd@22, 8179364.bmd@20, 8935020.bmd@27, 9088136.bmd@17, 9947992.bmd@25, 10161640.bmd@24, 10265108.bmd@21, 10503564.bmd@20, 10606064.bmd@23, 11061008.bmd@22, 11511040.bmd@20, 11605972.bmd@21, 12068644.bmd@17, 12220728.bmd@21, 12826676.bmd@26, 12912648.bmd@26, 13021632.bmd@21, 13505160.bmd@16, 13572780.bmd@22, 13664580.bmd@23"
0x4f807497,saboteur_effect,,"0x0cb33492, 0xf973b84f",2,"643712.bmd@5, 8935020.bmd@10"
0x62be501f,textureless_cube,,"0x06a8bccb, 0x07608e5a, 0x0cb33492, 0x0d7b0603, 0x13579ee8, 0x194c16b1, 0x1f42a7ec, 0x3b39bf8c, 0x4243eeb1, 0x48503d56, 0x485866e8, 0x567ca5bd, 0x5c6f765a, 0x6036478c, 0x6a2dcfd5, 0x8009e972, 0x81c1dbe3, 0x8bda53ba, 0x943ef9c0, 0x9e257199, 0xaf7abe2a, 0xc32438c4, 0xc52a8999, 0xc93fb09d, 0xcf3101c0, 0xdb061172, 0xdd08a02f, 0xe75f20a4, 0xed44a8fd, 0xf3683016, 0xf973b84f",31,"643712.bmd@2, 1113568.bmd@7, 1365320.bmd@9, 1465172.bmd@7, 2001536.bmd@2, 3168764.bmd@4, 3271020.bmd@5, 3952272.bmd@5, 5668812.bmd@29, 7683864.bmd@4, 7849040.bmd@8, 7931836.bmd@9, 8179364.bmd@8, 8935020.bmd@7, 9088136.bmd@6, 9947992.bmd@5, 10161640.bmd@4, 10265108.bmd@11, 10503564.bmd@8, 10606064.bmd@11, 11061008.bmd@6, 11511040.bmd@10, 11605972.bmd@9, 12068644.bmd@9, 12220728.bmd@10, 12826676.bmd@14, 12912648.bmd@7, 13021632.bmd@10, 13505160.bmd@7, 13572780.bmd@5, 13664580.bmd@14"
0x66dbfc08,pickup_chocolate_bar,,"0x06a8bccb, 0x07608e5a, 0x0cb33492, 0x0d7b0603, 0x13579ee8, 0x194c16b1, 0x1f42a7ec, 0x3b39bf8c, 0x4243eeb1, 0x48503d56, 0x485866e8, 0x567ca5bd, 0x5c6f765a, 0x6036478c, 0x6a2dcfd5, 0x8009e972, 0x81c1dbe3, 0x8bda53ba, 0x943ef9c0, 0x9e257199, 0xaf7abe2a, 0xc32438c4, 0xc52a8999, 0xc93fb09d, 0xcf3101c0, 0xdb061172, 0xdd08a02f, 0xe75f20a4, 0xed44a8fd, 0xf3683016, 0xf973b84f",31,"643712.bmd@0, 1113568.bmd@12, 1365320.bmd@11, 1465172.bmd@23, 2001536.bmd@23, 3168764.bmd@24, 3271020.bmd@8, 3952272.bmd@22, 5668812.bmd@18, 7683864.bmd@10, 7849040.bmd@13, 7931836.bmd@12, 8179364.bmd@9, 8935020.bmd@8, 9088136.bmd@24, 9947992.bmd@32, 10161640.bmd@16, 10265108.bmd@28, 10503564.bmd@27, 10606064.bmd@13, 11061008.bmd@29, 11511040.bmd@27, 11605972.bmd@12, 12068644.bmd@24, 12220728.bmd@12, 12826676.bmd@15, 12912648.bmd@15, 13021632.bmd@12, 13505160.bmd@23, 13572780.bmd@12, 13664580.bmd@30"
0x6b078f15,red_star,,"0x06a8bccb, 0x07608e5a, 0x0cb33492, 0x0d7b0603, 0x13579ee8, 0x194c16b1, 0x1f42a7ec, 0x3b39bf8c, 0x4243eeb1, 0x48503d56, 0x485866e8, 0x567ca5bd, 0x5c6f765a, 0x6036478c, 0x6a2dcfd5, 0x8009e972, 0x81c1dbe3, 0x8bda53ba, 0x943ef9c0, 0x9e257199, 0xaf7abe2a, 0xc32438c4, 0xc52a8999, 0xc93fb09d, 0xcf3101c0, 0xdb061172, 0xdd08a02f, 0xe75f20a4, 0xed44a8fd, 0xf3683016, 0xf973b84f",31,"643712.bmd@32, 1113568.bmd@29, 1365320.bmd@30, 1465172.bmd@25, 2001536.bmd@25, 3168764.bmd@26, 3271020.bmd@39, 3952272.bmd@24, 5668812.bmd@20, 7683864.bmd@32, 7849040.bmd@29, 7931836.bmd@30, 8179364.bmd@28, 8935020.bmd@34, 9088136.bmd@26, 9947992.bmd@33, 10161640.bmd@32, 10265108.bmd@30, 10503564.bmd@29, 10606064.bmd@31, 11061008.bmd@30, 11511040.bmd@29, 11605972.bmd@29, 12068644.bmd@26, 12220728.bmd@29, 12826676.bmd@33, 12912648.bmd@33, 13021632.bmd@29, 13505160.bmd@25, 13572780.bmd@30, 13664580.bmd@32"
0x70632ec2,pickup_red_yellow_costume,,0x0cb33492,1,643712.bmd@4
0x70921b51,,,"0x0cb33492, 0xf973b84f",2,"643712.bmd@6, 8935020.bmd@9"
0x7863d66f,water_pistol_projectile,,"0x06a8bccb, 0x07608e5a, 0x0cb33492, 0x0d7b0603, 0x13579ee8, 0x194c16b1, 0x1f42a7ec, 0x3b39bf8c, 0x4243eeb1, 0x48503d56, 0x485866e8, 0x567ca5bd, 0x5c6f765a, 0x6036478c, 0x6a2dcfd5, 0x8009e972, 0x81c1dbe3, 0x8bda53ba, 0x943ef9c0, 0x9e257199, 0xaf7abe2a, 0xc32438c4, 0xc52a8999, 0xc93fb09d, 0xcf3101c0, 0xdb061172, 0xdd08a02f, 0xe75f20a4, 0xed44a8fd, 0xf3683016, 0xf973b84f",31,"643712.bmd@20, 1113568.bmd@17, 1365320.bmd@17, 1465172.bmd@11, 2001536.bmd@10, 3168764.bmd@11, 3271020.bmd@27, 3952272.bmd@9, 5668812.bmd@4, 7683864.bmd@20, 7849040.bmd@17, 7931836.bmd@16, 8179364.bmd@15, 8935020.bmd@22, 9088136.bmd@11, 9947992.bmd@20, 10161640.bmd@19, 10265108.bmd@16, 10503564.bmd@14, 10606064.bmd@18, 11061008.bmd@17, 11511040.bmd@14, 11605972.bmd@16, 12068644.bmd@12, 12220728.bmd@16, 12826676.bmd@21, 12912648.bmd@21, 13021632.bmd@16, 13505160.bmd@11, 13572780.bmd@17, 13664580.bmd@18"
0x8419282e,water_fountain,,"0x07608e5a, 0x0cb33492, 0x0d7b0603, 0x194c16b1, 0x1f42a7ec, 0x4243eeb1, 0x48503d56, 0x485866e8, 0x567ca5bd, 0x5c6f765a, 0x6036478c, 0x6a2dcfd5, 0x8009e972, 0x8bda53ba, 0x9e257199, 0xc32438c4, 0xc52a8999, 0xc93fb09d, 0xcf3101c0, 0xdb061172, 0xdd08a02f, 0xe75f20a4, 0xed44a8fd, 0xf3683016, 0xf973b84f",25,"643712.bmd@17, 1113568.bmd@0, 1365320.bmd@3, 1465172.bmd@0, 3271020.bmd@13, 7683864.bmd@13, 7849040.bmd@0, 7931836.bmd@2, 8179364.bmd@1, 8935020.bmd@0, 9088136.bmd@4, 10161640.bmd@11, 10265108.bmd@1, 10503564.bmd@0, 10606064.bmd@2, 11061008.bmd@4, 11511040.bmd@2, 11605972.bmd@2, 12068644.bmd@8, 12220728.bmd@4, 12826676.bmd@1, 12912648.bmd@4, 13021632.bmd@0, 13505160.bmd@0, 13572780.bmd@0"
0x84385ae4,no_entry,,"0x06a8bccb, 0x07608e5a, 0x0cb33492, 0x0d7b0603, 0x13579ee8, 0x194c16b1, 0x1f42a7ec, 0x3b39bf8c, 0x4243eeb1, 0x48503d56, 0x485866e8, 0x567ca5bd, 0x5c6f765a, 0x6036478c, 0x6a2dcfd5, 0x8009e972, 0x81c1dbe3, 0x8bda53ba, 0x943ef9c0, 0x9e257199, 0xc32438c4, 0xc52a8999, 0xc93fb09d, 0xcf3101c0, 0xdb061172, 0xdd08a02f, 0xe75f20a4, 0xed44a8fd, 0xf3683016, 0xf973b84f",30,"643712.bmd@33, 1113568.bmd@30, 1365320.bmd@31, 1465172.bmd@26, 2001536.bmd@26, 3168764.bmd@27, 3271020.bmd@40, 3952272.bmd@25, 7683864.bmd@33, 7849040.bmd@30, 7931836.bmd@31, 8179364.bmd@29, 8935020.bmd@35, 9088136.bmd@27, 9947992.bmd@34, 10161640.bmd@33, 10265108.bmd@31, 10503564.bmd@30, 10606064.bmd@32, 11061008.bmd@31, 11511040.bmd@30, 11605972.bmd@30, 12068644.bmd@27, 12220728.bmd@30, 12826676.bmd@34, 12912648.bmd@34, 13021632.bmd@30, 13505160.bmd@26, 13572780.bmd@31, 13664580.bmd@33"
0x96eb9269,pickup_fire_extinguisher,,"0x06a8bccb, 0x07608e5a, 0x0cb33492, 0x0d7b0603, 0x13579ee8, 0x194c16b1, 0x1f42a7ec, 0x3b39bf8c, 0x4243eeb1, 0x48503d56, 0x485866e8, 0x567ca5bd, 0x5c6f765a, 0x6036478c, 0x6a2dcfd5, 0x8009e972, 0x81c1dbe3, 0x8bda53ba, 0x943ef9c0, 0x9e257199, 0xaf7abe2a, 0xc32438c4, 0xc52a8999, 0xc93fb09d, 0xcf3101c0, 0xdb061172, 0xdd08a02f, 0xe75f20a4, 0xed44a8fd, 0xf3683016, 0xf973b84f",31,"643712.bmd@14, 1113568.bmd@15, 1365320.bmd@29, 1465172.bmd@24, 2001536.bmd@24, 3168764.bmd@25, 3271020.bmd@22, 3952272.bmd@23, 5668812.bmd@19, 7683864.bmd@17, 7849040.bmd@15, 7931836.bmd@29, 8179364.bmd@27, 8935020.bmd@17, 9088136.bmd@25, 9947992.bmd@2, 10161640.bmd@31, 10265108.bmd@29, 10503564.bmd@28, 10606064.bmd@30, 11061008.bmd@15, 11511040.bmd@28, 11605972.bmd@28, 12068644.bmd@25, 12220728.bmd@28, 12826676.bmd@18, 12912648.bmd@18, 13021632.bmd@28, 13505160.bmd@24, 13572780.bmd@29, 13664580.bmd@31"
0x984a8016,double_doors,,"0x06a8bccb, 0x0cb33492, 0x0d7b0603, 0x13579ee8, 0x3b39bf8c, 0x4243eeb1, 0x48503d56, 0x485866e8, 0x567ca5bd, 0x5c6f765a, 0x6036478c, 0x6a2dcfd5, 0x8009e972, 0x81c1dbe3, 0x8bda53ba, 0x943ef9c0, 0xaf7abe2a, 0xc32438c4, 0xc52a8999, 0xc93fb09d, 0xcf3101c0, 0xdb061172, 0xdd08a02f, 0xe75f20a4, 0xed44a8fd, 0xf3683016, 0xf973b84f",27,"643712.bmd@15, 1113568.bmd@3, 1365320.bmd@0, 1465172.bmd@5, 2001536.bmd@5, 3168764.bmd@2, 3271020.bmd@10, 3952272.bmd@1, 5668812.bmd@22, 7683864.bmd@14, 7849040.bmd@5, 8179364.bmd@0, 8935020.bmd@3, 9088136.bmd@2, 9947992.bmd@0, 10161640.bmd@0, 10503564.bmd@3, 10606064.bmd@7, 11061008.bmd@0, 11605972.bmd@7, 12068644.bmd@6, 12220728.bmd@2, 12912648.bmd@0, 13021632.bmd@4, 13505160.bmd@3, 13572780.bmd@2, 13664580.bmd@0"
0x9976d27d,,,"0x0cb33492, 0xcf3101c0, 0xdb061172, 0xdd08a02f",4,"643712.bmd@1, 1365320.bmd@13, 3271020.bmd@20, 10606064.bmd@14"
0xa6b9b4c7,camera,,"0x07608e5a, 0x0cb33492, 0x0d7b0603, 0x13579ee8, 0x194c16b1, 0x8009e972, 0x8bda53ba, 0x943ef9c0",8,"643712.bmd@10, 7683864.bmd@9, 9088136.bmd@9, 9947992.bmd@14, 10265108.bmd@9, 12068644.bmd@3, 12826676.bmd@11, 13664580.bmd@11"
0xa861c87d,water_pistol,,"0x06a8bccb, 0x07608e5a, 0x0cb33492, 0x0d7b0603, 0x13579ee8, 0x194c16b1, 0x1f42a7ec, 0x3b39bf8c, 0x4243eeb1, 0x48503d56, 0x485866e8, 0x567ca5bd, 0x5c6f765a, 0x6036478c, 0x6a2dcfd5, 0x8009e972, 0x81c1dbe3, 0x8bda53ba, 0x943ef9c0, 0x9e257199, 0xaf7abe2a, 0xc32438c4, 0xc52a8999, 0xc93fb09d, 0xcf3101c0, 0xdb061172, 0xdd08a02f, 0xe75f20a4, 0xed44a8fd, 0xf3683016, 0xf973b84f",31,"643712.bmd@23, 1113568.bmd@20, 1365320.bmd@20, 1465172.bmd@14, 2001536.bmd@13, 3168764.bmd@14, 3271020.bmd@30, 3952272.bmd@12, 5668812.bmd@7, 7683864.bmd@23, 7849040.bmd@20, 7931836.bmd@19, 8179364.bmd@18, 8935020.bmd@25, 9088136.bmd@14, 9947992.bmd@23, 10161640.bmd@22, 10265108.bmd@19, 10503564.bmd@17, 10606064.bmd@21, 11061008.bmd@20, 11511040.bmd@17, 11605972.bmd@19, 12068644.bmd@15, 12220728.bmd@19, 12826676.bmd@24, 12912648.bmd@24, 13021632.bmd@19, 13505160.bmd@14, 13572780.bmd@20, 13664580.bmd@21"
0xb240fbbb,sparkle,,"0x06a8bccb, 0x07608e5a, 0x0cb33492, 0x0d7b0603, 0x13579ee8, 0x194c16b1, 0x1f42a7ec, 0x3b39bf8c, 0x4243eeb1, 0x48503d56, 0x485866e8, 0x567ca5bd, 0x5c6f765a, 0x6036478c, 0x6a2dcfd5, 0x8009e972, 0x81c1dbe3, 0x8bda53ba, 0x943ef9c0, 0x9e257199, 0xaf7abe2a, 0xc32438c4, 0xc52a8999, 0xc93fb09d, 0xcf3101c0, 0xdb061172, 0xdd08a02f, 0xe75f20a4, 0xed44a8fd, 0xf3683016, 0xf973b84f",31,"643712.bmd@26, 1113568.bmd@23, 1365320.bmd@23, 1465172.bmd@17, 2001536.bmd@17, 3168764.bmd@18, 3271020.bmd@33, 3952272.bmd@16, 5668812.bmd@12, 7683864.bmd@26, 7849040.bmd@23, 7931836.bmd@23, 8179364.bmd@21, 8935020.bmd@28, 9088136.bmd@18, 9947992.bmd@26, 10161640.bmd@25, 10265108.bmd@22, 10503564.bmd@21, 10606064.bmd@24, 11061008.bmd@23, 11511040.bmd@21, 11605972.bmd@22, 12068644.bmd@18, 12220728.bmd@22, 12826676.bmd@27, 12912648.bmd@27, 13021632.bmd@22, 13505160.bmd@17, 13572780.bmd@23, 13664580.bmd@24"
0xbd9aa11d,steam_projectile,,"0x06a8bccb, 0x07608e5a, 0x0cb33492, 0x0d7b0603, 0x13579ee8, 0x194c16b1, 0x1f42a7ec, 0x3b39bf8c, 0x4243eeb1, 0x48503d56, 0x485866e8, 0x567ca5bd, 0x5c6f765a, 0x6036478c, 0x6a2dcfd5, 0x8009e972, 0x81c1dbe3, 0x8bda53ba, 0x943ef9c0, 0x9e257199, 0xaf7abe2a, 0xc32438c4, 0xc52a8999, 0xc93fb09d, 0xcf3101c0, 0xdb061172, 0xdd08a02f, 0xe75f20a4, 0xed44a8fd, 0xf3683016, 0xf973b84f",31,"643712.bmd@22, 1113568.bmd@19, 1365320.bmd@19, 1465172.bmd@13, 2001536.bmd@12, 3168764.bmd@13, 3271020.bmd@29, 3952272.bmd@11, 5668812.bmd@6, 7683864.bmd@22, 7849040.bmd@19, 7931836.bmd@18, 8179364.bmd@17, 8935020.bmd@24, 9088136.bmd@13, 9947992.bmd@22, 10161640.bmd@21, 10265108.bmd@18, 10503564.bmd@16, 10606064.bmd@20, 11061008.bmd@19, 11511040.bmd@16, 11605972.bmd@18, 12068644.bmd@14, 12220728.bmd@18, 12826676.bmd@23, 12912648.bmd@23, 13021632.bmd@18, 13505160.bmd@13, 13572780.bmd@19, 13664580.bmd@20"
0xbf502945,single_door,,"0x06a8bccb, 0x07608e5a, 0x0cb33492, 0x0d7b0603, 0x13579ee8, 0x194c16b1, 0x1f42a7ec, 0x3b39bf8c, 0x4243eeb1, 0x48503d56, 0x485866e8, 0x567ca5bd, 0x5c6f765a, 0x6036478c, 0x6a2dcfd5, 0x8009e972, 0x81c1dbe3, 0x8bda53ba, 0x943ef9c0, 0x9e257199, 0xaf7abe2a, 0xc32438c4, 0xc52a8999, 0xc93fb09d, 0xcf3101c0, 0xdb061172, 0xdd08a02f, 0xe75f20a4, 0xed44a8fd, 0xf3683016, 0xf973b84f",31,"643712.bmd@16, 1113568.bmd@4, 1365320.bmd@7, 1465172.bmd@6, 2001536.bmd@4, 3168764.bmd@3, 3271020.bmd@6, 3952272.bmd@0, 5668812.bmd@26, 7683864.bmd@15, 7849040.bmd@6, 7931836.bmd@1, 8179364.bmd@6, 8935020.bmd@4, 9088136.bmd@3, 9947992.bmd@1, 10161640.bmd@1, 10265108.bmd@0, 10503564.bmd@4, 10606064.bmd@5, 11061008.bmd@1, 11511040.bmd@1, 11605972.bmd@4, 12068644.bmd@7, 12220728.bmd@3, 12826676.bmd@0, 12912648.bmd@1, 13021632.bmd@5, 13505160.bmd@4, 13572780.bmd@1, 13664580.bmd@1"
0xc1d09bdf,paparazzi,,"0x07608e5a, 0x0cb33492, 0x0d7b0603, 0x13579ee8, 0x194c16b1, 0x8009e972, 0x8bda53ba, 0x943ef9c0",8,"643712.bmd@9, 7683864.bmd@8, 9088136.bmd@8, 9947992.bmd@13, 10265108.bmd@8, 12068644.bmd@2, 12826676.bmd@10, 13664580.bmd@10"
0xc33d2df8,,,"0x06a8bccb, 0x07608e5a, 0x0cb33492, 0x0d7b0603, 0x13579ee8, 0x194c16b1, 0x1f42a7ec, 0x3b39bf8c, 0x4243eeb1, 0x48503d56, 0x485866e8, 0x567ca5bd, 0x5c6f765a, 0x6036478c, 0x6a2dcfd5, 0x8009e972, 0x81c1dbe3, 0x8bda53ba, 0x943ef9c0, 0x9e257199, 0xaf7abe2a, 0xc32438c4, 0xc52a8999, 0xc93fb09d, 0xcf3101c0, 0xdb061172, 0xdd08a02f, 0xe75f20a4, 0xed44a8fd, 0xf3683016, 0xf973b84f",31,"643712.bmd@27, 1113568.bmd@24, 1365320.bmd@24, 1465172.bmd@18, 2001536.bmd@18, 3168764.bmd@19, 3271020.bmd@34, 3952272.bmd@17, 5668812.bmd@13, 7683864.bmd@27, 7849040.bmd@24, 7931836.bmd@24, 8179364.bmd@22, 8935020.bmd@29, 9088136.bmd@19, 9947992.bmd@27, 10161640.bmd@26, 10265108.bmd@23, 10503564.bmd@22, 10606064.bmd@25, 11061008.bmd@24, 11511040.bmd@22, 11605972.bmd@23, 12068644.bmd@19, 12220728.bmd@23, 12826676.bmd@28, 12912648.bmd@28, 13021632.bmd@23, 13505160.bmd@18, 13572780.bmd@24, 13664580.bmd@25"
0xcad9f527,pickup_trophy,,"0x0cb33492, 0x194c16b1, 0x4243eeb1, 0x48503d56, 0x567ca5bd, 0x5c6f765a, 0x6036478c, 0x6a2dcfd5, 0x8bda53ba, 0xc32438c4, 0xc52a8999, 0xcf3101c0, 0xdb061172, 0xdd08a02f, 0xe75f20a4, 0xed44a8fd",16,"643712.bmd@13, 1113568.bmd@11, 1365320.bmd@8, 3271020.bmd@7, 7683864.bmd@12, 7849040.bmd@12, 8179364.bmd@7, 10161640.bmd@15, 10606064.bmd@6, 11061008.bmd@13, 11605972.bmd@6, 12220728.bmd@11, 12826676.bmd@16, 12912648.bmd@16, 13021632.bmd@11, 13572780.bmd@11"
0xd6e2d156,magic_hat,,"0x06a8bccb, 0x07608e5a, 0x07608e5a, 0x0cb33492, 0x0cb33492, 0x0d7b0603, 0x13579ee8, 0x13579ee8, 0x194c16b1, 0x194c16b1, 0x1f42a7ec, 0x3b39bf8c, 0x4243eeb1, 0x4243eeb1, 0x48503d56, 0x48503d56, 0x485866e8, 0x485866e8, 0x567ca5bd, 0x567ca5bd, 0x5c6f765a, 0x5c6f765a, 0x6036478c, 0x6036478c, 0x6a2dcfd5, 0x6a2dcfd5, 0x8009e972, 0x8009e972, 0x81c1dbe3, 0x8bda53ba, 0x8bda53ba, 0x943ef9c0, 0x943ef9c0, 0x9e257199, 0xaf7abe2a, 0xaf7abe2a, 0xc32438c4, 0xc32438c4, 0xc52a8999, 0xc52a8999, 0xc93fb09d, 0xc93fb09d, 0xcf3101c0, 0xcf3101c0, 0xdb061172, 0xdb061172, 0xdd08a02f, 0xdd08a02f, 0xe75f20a4, 0xe75f20a4, 0xed44a8fd, 0xed44a8fd, 0xf3683016, 0xf973b84f, 0xf973b84f",31,"643712.bmd@12, 1113568.bmd@8, 1365320.bmd@12, 1465172.bmd@8, 2001536.bmd@15, 3168764.bmd@16, 3271020.bmd@2, 3952272.bmd@14, 5668812.bmd@10, 7683864.bmd@5, 7849040.bmd@9, 7931836.bmd@21, 8179364.bmd@11, 8935020.bmd@6, 9088136.bmd@16, 9947992.bmd@8, 10161640.bmd@8, 10265108.bmd@12, 10503564.bmd@19, 10606064.bmd@12, 11061008.bmd@7, 11511040.bmd@19, 11605972.bmd@10, 12068644.bmd@5, 12220728.bmd@9, 12826676.bmd@13, 12912648.bmd@10, 13021632.bmd@8, 13505160.bmd@6, 13572780.bmd@8, 13664580.bmd@15"
0xe6ad89a6,pickup_key,,"0x0cb33492, 0x4243eeb1, 0x48503d56, 0x567ca5bd, 0x5c6f765a, 0xaf7abe2a, 0xc32438c4, 0xc52a8999, 0xcf3101c0, 0xdb061172, 0xdd08a02f, 0xe75f20a4",12,"643712.bmd@3, 1113568.bmd@13, 1365320.bmd@15, 3271020.bmd@4, 5668812.bmd@27, 7849040.bmd@10, 8179364.bmd@5, 10606064.bmd@4, 11605972.bmd@13, 12220728.bmd@8, 13021632.bmd@9, 13572780.bmd@10"
0xe7d209a8,,,"0x06a8bccb, 0x07608e5a, 0x0cb33492, 0x0d7b0603, 0x13579ee8, 0x194c16b1, 0x1f42a7ec, 0x3b39bf8c, 0x4243eeb1, 0x48503d56, 0x485866e8, 0x567ca5bd, 0x5c6f765a, 0x6036478c, 0x6a2dcfd5, 0x8009e972, 0x81c1dbe3, 0x8bda53ba, 0x943ef9c0, 0x9e257199, 0xaf7abe2a, 0xc32438c4, 0xc52a8999, 0xc93fb09d, 0xcf3101c0, 0xdb061172, 0xdd08a02f, 0xe75f20a4, 0xed44a8fd, 0xf3683016, 0xf973b84f",31,"643712.bmd@24, 1113568.bmd@21, 1365320.bmd@21, 1465172.bmd@15, 2001536.bmd@14, 3168764.bmd@15, 3271020.bmd@31, 3952272.bmd@13, 5668812.bmd@8, 7683864.bmd@24, 7849040.bmd@21, 7931836.bmd@20, 8179364.bmd@19, 8935020.bmd@26, 9088136.bmd@15, 9947992.bmd@24, 10161640.bmd@23, 10265108.bmd@20, 10503564.bmd@18, 10606064.bmd@22, 11061008.bmd@21, 11511040.bmd@18, 11605972.bmd@20, 12068644.bmd@16, 12220728.bmd@20, 12826676.bmd@25, 12912648.bmd@25, 13021632.bmd@20, 13505160.bmd@15, 13572780.bmd@21, 13664580.bmd@22"
0xecb84d74,innocence_halo,,"0x06a8bccb, 0x07608e5a, 0x0cb33492, 0x0d7b0603, 0x13579ee8, 0x194c16b1, 0x1f42a7ec, 0x3b39bf8c, 0x4243eeb1, 0x48503d56, 0x485866e8, 0x567ca5bd, 0x5c6f765a, 0x6036478c, 0x6a2dcfd5, 0x8009e972, 0x81c1dbe3, 0x8bda53ba, 0x943ef9c0, 0x9e257199, 0xaf7abe2a, 0xc32438c4, 0xc52a8999, 0xc93fb09d, 0xcf3101c0, 0xdb061172, 0xdd08a02f, 0xe75f20a4, 0xed44a8fd, 0xf3683016, 0xf973b84f",31,"643712.bmd@30, 1113568.bmd@27, 1365320.bmd@27, 1465172.bmd@21, 2001536.bmd@21, 3168764.bmd@22, 3271020.bmd@37, 3952272.bmd@20, 5668812.bmd@16, 7683864.bmd@30, 7849040.bmd@27, 7931836.bmd@27, 8179364.bmd@25, 8935020.bmd@32, 9088136.bmd@22, 9947992.bmd@30, 10161640.bmd@29, 10265108.bmd@26, 10503564.bmd@25, 10606064.bmd@28, 11061008.bmd@27, 11511040.bmd@25, 11605972.bmd@26, 12068644.bmd@22, 12220728.bmd@26, 12826676.bmd@31, 12912648.bmd@31, 13021632.bmd@26, 13505160.bmd@21, 13572780.bmd@27, 13664580.bmd@28"
0xef10fad4,shadow_cylinder,,"0x06a8bccb, 0x06a8bccb, 0x07608e5a, 0x07608e5a, 0x07608e5a, 0x07608e5a, 0x0cb33492, 0x0cb33492, 0x0cb33492, 0x0cb33492, 0x0d7b0603, 0x0d7b0603, 0x13579ee8, 0x13579ee8, 0x13579ee8, 0x13579ee8, 0x194c16b1, 0x194c16b1, 0x194c16b1, 0x194c16b1, 0x1f42a7ec, 0x1f42a7ec, 0x1f42a7ec, 0x1f42a7ec, 0x1f42a7ec, 0x3b39bf8c, 0x3b39bf8c, 0x4243eeb1, 0x4243eeb1, 0x4243eeb1, 0x48503d56, 0x48503d56, 0x48503d56, 0x485866e8, 0x485866e8, 0x485866e8, 0x485866e8, 0x567ca5bd, 0x567ca5bd, 0x567ca5bd, 0x5c6f765a, 0x5c6f765a, 0x5c6f765a, 0x6036478c, 0x6036478c, 0x6036478c, 0x6036478c, 0x6036478c, 0x6036478c, 0x6202993f, 0x6202993f, 0x6202993f, 0x640c2862, 0x640c2862, 0x640c2862, 0x6a2dcfd5, 0x6a2dcfd5, 0x6a2dcfd5, 0x6a2dcfd5, 0x721e672a, 0x721e672a, 0x721e672a, 0x8009e972, 0x8009e972, 0x8009e972, 0x8009e972, 0x81c1dbe3, 0x81c1dbe3, 0x8bda53ba, 0x8bda53ba, 0x8bda53ba, 0x8bda53ba, 0x943ef9c0, 0x943ef9c0, 0x943ef9c0, 0x943ef9c0, 0x9e257199, 0x9e257199, 0x9e257199, 0xaf7abe2a, 0xaf7abe2a, 0xaf7abe2a, 0xc32438c4, 0xc32438c4, 0xc32438c4, 0xc52a8999, 0xc52a8999, 0xc52a8999, 0xc93fb09d, 0xc93fb09d, 0xc93fb09d, 0xc93fb09d, 0xcf3101c0, 0xcf3101c0, 0xcf3101c0, 0xcf3101c0, 0xdb061172, 0xdb061172, 0xdb061172, 0xdd08a02f, 0xdd08a02f, 0xdd08a02f, 0xe56bfe17, 0xe56bfe17, 0xe56bfe17, 0xe75f20a4, 0xe75f20a4, 0xe75f20a4, 0xed44a8fd, 0xed44a8fd, 0xed44a8fd, 0xed44a8fd, 0xf3683016, 0xf3683016, 0xf973b84f, 0xf973b84f, 0xf973b84f, 0xf973b84f, 0xf973b84f, 0xf973b84f",35,"643712.bmd@8, 1113568.bmd@2, 1365320.bmd@2, 1465172.bmd@2, 2001536.bmd@1, 3168764.bmd@1, 3271020.bmd@1, 3952272.bmd@3, 5668812.bmd@1, 7683864.bmd@1, 7849040.bmd@2, 7931836.bmd@7, 8014292.bmd@1, 8179364.bmd@4, 8935020.bmd@2, 9088136.bmd@1, 9947992.bmd@4, 10161640.bmd@3, 10265108.bmd@4, 10503564.bmd@2, 10606064.bmd@1, 11000524.bmd@1, 11061008.bmd@3, 11511040.bmd@8, 11605972.bmd@1, 12009072.bmd@1, 12068644.bmd@1, 12220728.bmd@1, 12577348.bmd@1, 12826676.bmd@4, 12912648.bmd@3, 13021632.bmd@2, 13505160.bmd@2, 13572780.bmd@4, 13664580.bmd@3"
0xf75df0ee,water_pistol_projectile_2 ?,,"0x06a8bccb, 0x07608e5a, 0x0cb33492, 0x0d7b0603, 0x13579ee8, 0x194c16b1, 0x1f42a7ec, 0x3b39bf8c, 0x4243eeb1, 0x48503d56, 0x485866e8, 0x567ca5bd, 0x5c6f765a, 0x6036478c, 0x6a2dcfd5, 0x8009e972, 0x81c1dbe3, 0x8bda53ba, 0x943ef9c0, 0x9e257199, 0xaf7abe2a, 0xc32438c4, 0xc52a8999, 0xc93fb09d, 0xcf3101c0, 0xdb061172, 0xdd08a02f, 0xe75f20a4, 0xed44a8fd, 0xf3683016, 0xf973b84f",31,"643712.bmd@21, 1113568.bmd@18, 1365320.bmd@18, 1465172.bmd@12, 2001536.bmd@11, 3168764.bmd@12, 3271020.bmd@28, 3952272.bmd@10, 5668812.bmd@5, 7683864.bmd@21, 7849040.bmd@18, 7931836.bmd@17, 8179364.bmd@16, 8935020.bmd@23, 9088136.bmd@12, 9947992.bmd@21, 10161640.bmd@20, 10265108.bmd@17, 10503564.bmd@15, 10606064.bmd@19, 11061008.bmd@18, 11511040.bmd@15, 11605972.bmd@17, 12068644.bmd@13, 12220728.bmd@17, 12826676.bmd@22, 12912648.bmd@22, 13021632.bmd@17, 13505160.bmd@12, 13572780.bmd@18, 13664580.bmd@19"
0xfa13829d,josh,,"0x06a8bccb, 0x07608e5a, 0x0cb33492, 0x0d7b0603, 0x13579ee8, 0x194c16b1, 0x1f42a7ec, 0x3b39bf8c, 0x4243eeb1, 0x48503d56, 0x485866e8, 0x567ca5bd, 0x5c6f765a, 0x6036478c, 0x6a2dcfd5, 0x8009e972, 0x81c1dbe3, 0x8bda53ba, 0x943ef9c0, 0x9e257199, 0xaf7abe2a, 0xc32438c4, 0xc52a8999, 0xc93fb09d, 0xcf3101c0, 0xdb061172, 0xdd08a02f, 0xe75f20a4, 0xed44a8fd, 0xf3683016, 0xf973b84f",31,"643712.bmd@11, 1113568.bmd@5, 1365320.bmd@1, 1465172.bmd@1, 2001536.bmd@0, 3168764.bmd@0, 3271020.bmd@3, 3952272.bmd@2, 5668812.bmd@0, 7683864.bmd@0, 7849040.bmd@1, 7931836.bmd@6, 8179364.bmd@10, 8935020.bmd@5, 9088136.bmd@0, 9947992.bmd@3, 10161640.bmd@2, 10265108.bmd@3, 10503564.bmd@5, 10606064.bmd@8, 11061008.bmd@2, 11511040.bmd@7, 11605972.bmd@8, 12068644.bmd@4, 12220728.bmd@5, 12826676.bmd@3, 12912648.bmd@2, 13021632.bmd@6, 13505160.bmd@5, 13572780.bmd@3, 13664580.bmd@2"
0xfaf37ed6,pickup_ds,,"0x06a8bccb, 0x07608e5a, 0x0cb33492, 0x0d7b0603, 0x13579ee8, 0x194c16b1, 0x1f42a7ec, 0x4243eeb1, 0x48503d56, 0x485866e8, 0x567ca5bd, 0x5c6f765a, 0x6036478c, 0x6a2dcfd5, 0x8009e972, 0x81c1dbe3, 0x8bda53ba, 0x943ef9c0, 0x9e257199, 0xc32438c4, 0xc52a8999, 0xc93fb09d, 0xcf3101c0, 0xdb061172, 0xdd08a02f, 0xe75f20a4, 0xed44a8fd, 0xf3683016, 0xf973b84f",29,"643712.bmd@19, 1113568.bmd@16, 1365320.bmd@16, 1465172.bmd@10, 2001536.bmd@9, 3271020.bmd@24, 3952272.bmd@8, 7683864.bmd@19, 7849040.bmd@16, 7931836.bmd@15, 8179364.bmd@13, 8935020.bmd@19, 9088136.bmd@10, 9947992.bmd@19, 10161640.bmd@18, 10265108.bmd@15, 10503564.bmd@9, 10606064.bmd@15, 11061008.bmd@16, 11511040.bmd@13, 11605972.bmd@15, 12068644.bmd@11, 12220728.bmd@14, 12826676.bmd@20, 12912648.bmd@20, 13021632.bmd@13, 13505160.bmd@10, 13572780.bmd@16, 13664580.bmd@17"
0x001e671c,,,"0x06a8bccb, 0x6036478c, 0x81c1dbe3, 0xe75f20a4",4,"785980.bmd@45, 2336388.bmd@28, 9772676.bmd@32, 10339344.bmd@23"
0x043a762b,fancy_table_4chairs,,"0xe75f20a4, 0xed44a8fd",2,"785980.bmd@34, 8583196.bmd@39"
0x09edba1a,,,"0x06a8bccb, 0x6036478c, 0x6a2dcfd5, 0x81c1dbe3, 0xe75f20a4, 0xed44a8fd",6,"785980.bmd@5, 2336388.bmd@4, 8583196.bmd@45, 9772676.bmd@5, 10339344.bmd@9, 11354640.bmd@4"
0x0defce9d,,,"0x06a8bccb, 0x6036478c, 0xe75f20a4",3,"785980.bmd@36, 2336388.bmd@41, 10339344.bmd@32"
0x1243d993,,,"0x06a8bccb, 0x6036478c, 0xe75f20a4",3,"785980.bmd@35, 2336388.bmd@19, 10339344.bmd@31"
0x12bf557b,,,"0xe75f20a4, 0xed44a8fd",2,"785980.bmd@31, 8583196.bmd@2"
0x14c611ec,,,"0x06a8bccb, 0x6036478c, 0x6a2dcfd5, 0x81c1dbe3, 0xe75f20a4, 0xed44a8fd",6,"785980.bmd@4, 2336388.bmd@0, 8583196.bmd@46, 9772676.bmd@1, 10339344.bmd@1, 11354640.bmd@6"
0x1c8bc0fe,,,"0x06a8bccb, 0xe75f20a4, 0xed44a8fd",3,"785980.bmd@30, 8583196.bmd@4, 10339344.bmd@30"
0x24d8c2fa,chandelier,,"0x06a8bccb, 0x07608e5a, 0x194c16b1, 0x6036478c, 0x81c1dbe3, 0xe75f20a4, 0xed44a8fd",7,"785980.bmd@20, 2336388.bmd@10, 2602756.bmd@31, 8583196.bmd@8, 9772676.bmd@16, 10339344.bmd@13, 11907728.bmd@29"
0x323d5153,,,"0xe75f20a4, 0xed44a8fd",2,"785980.bmd@16, 8583196.bmd@26"
0x4b10597f,laundry_cart,,"0x06a8bccb, 0x6036478c, 0x81c1dbe3, 0xe75f20a4",4,"785980.bmd@43, 2336388.bmd@30, 9772676.bmd@28, 10339344.bmd@39"
0x512f3e8b,couch_3_vase,,"0x06a8bccb, 0x6036478c, 0x6a2dcfd5, 0x81c1dbe3, 0xe75f20a4, 0xed44a8fd",6,"785980.bmd@29, 2336388.bmd@14, 8583196.bmd@34, 9772676.bmd@20, 10339344.bmd@28, 11354640.bmd@23"
0x5f1bab0e,couch_2_bust,,"0x06a8bccb, 0x6036478c, 0x6a2dcfd5, 0x81c1dbe3, 0xe75f20a4, 0xed44a8fd",6,"785980.bmd@18, 2336388.bmd@13, 8583196.bmd@35, 9772676.bmd@19, 10339344.bmd@27, 11354640.bmd@22"
0x63090790,,,"0x06a8bccb, 0x6036478c, 0x6a2dcfd5, 0x81c1dbe3, 0xe75f20a4, 0xed44a8fd",6,"785980.bmd@7, 2336388.bmd@6, 8583196.bmd@48, 9772676.bmd@7, 10339344.bmd@5, 11354640.bmd@8"
0x630f9c99,bbathroom_stall,,"0x06a8bccb, 0x48503d56, 0x485866e8, 0x567ca5bd, 0x6a2dcfd5, 0x8bda53ba, 0xc32438c4, 0xc52a8999, 0xc93fb09d, 0xdd08a02f, 0xe75f20a4, 0xed44a8fd, 0xf3683016, 0xf973b84f",14,"785980.bmd@40, 953912.bmd@25, 1209868.bmd@53, 1851344.bmd@25, 2145040.bmd@26, 3015392.bmd@20, 3435788.bmd@35, 8362104.bmd@24, 8583196.bmd@12, 8786604.bmd@25, 10339344.bmd@37, 10768392.bmd@25, 11354640.bmd@10, 12713244.bmd@39"
0x6577721d,,,"0x06a8bccb, 0x6036478c, 0x6a2dcfd5, 0x81c1dbe3, 0xe75f20a4, 0xed44a8fd",6,"785980.bmd@6, 2336388.bmd@37, 8583196.bmd@43, 9772676.bmd@0, 10339344.bmd@0, 11354640.bmd@7"
0x6af0feed,,,"0x06a8bccb, 0x6036478c, 0x6a2dcfd5, 0x81c1dbe3, 0xe75f20a4, 0xed44a8fd",6,"785980.bmd@1, 2336388.bmd@8, 8583196.bmd@42, 9772676.bmd@13, 10339344.bmd@10, 11354640.bmd@2"
0x784b0ec7,,,"0x06a8bccb, 0x6036478c, 0x81c1dbe3, 0xe75f20a4",4,"785980.bmd@42, 2336388.bmd@22, 9772676.bmd@27, 10339344.bmd@40"
0x806c1f68,,,"0x06a8bccb, 0x6036478c, 0x6a2dcfd5, 0x81c1dbe3, 0xe75f20a4, 0xed44a8fd",6,"785980.bmd@0, 2336388.bmd@2, 8583196.bmd@40, 9772676.bmd@3, 10339344.bmd@4, 11354640.bmd@0"
0x81d3c415,bathroom_sinks,,"0x06a8bccb, 0x48503d56, 0x485866e8, 0x567ca5bd, 0x6a2dcfd5, 0x8bda53ba, 0xc32438c4, 0xc52a8999, 0xc93fb09d, 0xdd08a02f, 0xe75f20a4, 0xed44a8fd, 0xf3683016, 0xf973b84f",14,"785980.bmd@41, 953912.bmd@26, 1209868.bmd@54, 1851344.bmd@26, 2145040.bmd@25, 3015392.bmd@21, 3435788.bmd@33, 8362104.bmd@25, 8583196.bmd@11, 8786604.bmd@26, 10339344.bmd@38, 10768392.bmd@26, 11354640.bmd@11, 12713244.bmd@40"
0x8d1ca536,,,"0x06a8bccb, 0x6036478c, 0x6a2dcfd5, 0x81c1dbe3, 0xe75f20a4, 0xed44a8fd",6,"785980.bmd@3, 2336388.bmd@5, 8583196.bmd@41, 9772676.bmd@6, 10339344.bmd@7, 11354640.bmd@1"
0x933523be,menu_stand,,"0x06a8bccb, 0x6036478c, 0x6a2dcfd5, 0x81c1dbe3, 0xe75f20a4, 0xed44a8fd",6,"785980.bmd@12, 2336388.bmd@25, 8583196.bmd@19, 9772676.bmd@29, 10339344.bmd@16, 11354640.bmd@13"
0x9548c1f4,fancy_Table_2chairs,,"0xe75f20a4, 0xed44a8fd",2,"785980.bmd@33, 8583196.bmd@38"
0x9aeca930,,,"0xe75f20a4, 0xed44a8fd",2,"785980.bmd@26, 8583196.bmd@51"
0xa343e053,bar,,"0x06a8bccb, 0x6036478c, 0x6a2dcfd5, 0x81c1dbe3, 0xe75f20a4, 0xed44a8fd",6,"785980.bmd@37, 2336388.bmd@16, 8583196.bmd@49, 9772676.bmd@22, 10339344.bmd@33, 11354640.bmd@43"
0xa6b72ce0,2chairs_brown,,"0x06a8bccb, 0x6036478c, 0x6a2dcfd5, 0x81c1dbe3, 0xe75f20a4, 0xed44a8fd",6,"785980.bmd@19, 2336388.bmd@15, 8583196.bmd@36, 9772676.bmd@21, 10339344.bmd@29, 11354640.bmd@21"
0xa86cbe93,,,"0x06a8bccb, 0x6036478c, 0xe75f20a4",3,"785980.bmd@44, 2336388.bmd@23, 10339344.bmd@41"
0xab1bb70a,2paintings,,"0x06a8bccb, 0x6036478c, 0x6a2dcfd5, 0x81c1dbe3, 0xe75f20a4, 0xed44a8fd",6,"785980.bmd@23, 2336388.bmd@26, 8583196.bmd@20, 9772676.bmd@30, 10339344.bmd@17, 11354640.bmd@14"
0xac78bc73,,,"0x06a8bccb, 0x81c1dbe3, 0xe75f20a4",3,"785980.bmd@24, 9772676.bmd@26, 10339344.bmd@20"
0xb8e211b4,grandfather_clock,,"0x06a8bccb, 0x6036478c, 0x6a2dcfd5, 0x81c1dbe3, 0xe75f20a4, 0xed44a8fd",6,"785980.bmd@10, 2336388.bmd@1, 8583196.bmd@17, 9772676.bmd@2, 10339344.bmd@2, 11354640.bmd@41"
0xba8a0448,wall_lamp,,"0x06a8bccb, 0x6036478c, 0x6a2dcfd5, 0x81c1dbe3, 0xe75f20a4, 0xed44a8fd",6,"785980.bmd@8, 2336388.bmd@9, 8583196.bmd@6, 9772676.bmd@14, 10339344.bmd@11, 11354640.bmd@9"
0xc28dbe6f,,,"0x06a8bccb, 0x6036478c, 0x6a2dcfd5, 0x81c1dbe3, 0xe75f20a4, 0xed44a8fd",6,"785980.bmd@2, 2336388.bmd@3, 8583196.bmd@44, 9772676.bmd@4, 10339344.bmd@8, 11354640.bmd@3"
0xc62bb164,serving_cart,,"0x06a8bccb, 0x6036478c, 0x81c1dbe3, 0xe75f20a4, 0xed44a8fd",5,"785980.bmd@32, 2336388.bmd@18, 8583196.bmd@5, 9772676.bmd@24, 10339344.bmd@35"
0xc9272c4f,curtains,,"0xe75f20a4, 0xed44a8fd",2,"785980.bmd@21, 8583196.bmd@9"
0xc93be868,,,"0x06a8bccb, 0x6036478c, 0x6a2dcfd5, 0x81c1dbe3, 0xe75f20a4, 0xed44a8fd",6,"785980.bmd@11, 2336388.bmd@7, 8583196.bmd@18, 9772676.bmd@8, 10339344.bmd@15, 11354640.bmd@12"
0xd6123125,spiral_staircase,,"0x06a8bccb, 0x6036478c, 0x6a2dcfd5, 0x81c1dbe3, 0xe75f20a4, 0xed44a8fd",6,"785980.bmd@28, 2336388.bmd@21, 8583196.bmd@32, 9772676.bmd@18, 10339344.bmd@26, 11354640.bmd@20"
0xd7aee14d,u_couch,,"0x06a8bccb, 0x6036478c, 0x6a2dcfd5, 0x81c1dbe3, 0xe75f20a4, 0xed44a8fd",6,"785980.bmd@38, 2336388.bmd@17, 8583196.bmd@13, 9772676.bmd@23, 10339344.bmd@34, 11354640.bmd@42"
0xde24c442,mirror,,"0x06a8bccb, 0x6036478c, 0x6a2dcfd5, 0x81c1dbe3, 0xe75f20a4, 0xed44a8fd",6,"785980.bmd@22, 2336388.bmd@11, 8583196.bmd@50, 9772676.bmd@17, 10339344.bmd@14, 11354640.bmd@28"
0xe2eda162,,,"0xe75f20a4, 0xed44a8fd",2,"785980.bmd@39, 8583196.bmd@33"
0xf7867577,,,"0x06a8bccb, 0x6036478c, 0x81c1dbe3, 0xe75f20a4",4,"785980.bmd@25, 2336388.bmd@29, 9772676.bmd@31, 10339344.bmd@22"
0xfe16b96a,,,"0x06a8bccb, 0x6036478c, 0x6a2dcfd5, 0x81c1dbe3, 0xe75f20a4, 0xed44a8fd",6,"785980.bmd@15, 2336388.bmd@12, 8583196.bmd@25, 9772676.bmd@12, 10339344.bmd@25, 11354640.bmd@16"
0x2fe574ab,modern_desk,,"0x48503d56, 0xc32438c4, 0xc93fb09d, 0xf3683016, 0xf973b84f",5,"953912.bmd@17, 1851344.bmd@17, 8786604.bmd@17, 10768392.bmd@17, 12713244.bmd@10"
0x45c9810f,harp,,"0xc32438c4, 0xc93fb09d, 0xf3683016, 0xf973b84f",4,"953912.bmd@43, 1851344.bmd@43, 8786604.bmd@42, 10768392.bmd@43"
0x59a8c759,,,"0x4243eeb1, 0x48503d56, 0xc32438c4, 0xc93fb09d, 0xf3683016, 0xf973b84f",6,"953912.bmd@48, 1851344.bmd@48, 8786604.bmd@47, 10768392.bmd@48, 11818848.bmd@44, 12713244.bmd@30"
0x683c3069,grand_piano,,"0x48503d56, 0x485866e8, 0xc32438c4, 0xc52a8999, 0xc93fb09d, 0xf3683016, 0xf973b84f",7,"953912.bmd@41, 1851344.bmd@41, 3015392.bmd@49, 8362104.bmd@41, 8786604.bmd@41, 10768392.bmd@41, 12713244.bmd@23"
0x6f694bc4,music_stands,,"0x48503d56, 0x485866e8, 0x6202993f, 0xc32438c4, 0xc52a8999, 0xc93fb09d, 0xf3683016, 0xf973b84f",8,"953912.bmd@42, 1851344.bmd@42, 3015392.bmd@36, 8362104.bmd@42, 8786604.bmd@40, 10033984.bmd@6, 10768392.bmd@42, 12713244.bmd@25"
0x9734768d,drumset,,"0x48503d56, 0x6202993f, 0x640c2862, 0x721e672a, 0xc32438c4, 0xc93fb09d, 0xe56bfe17, 0xf3683016, 0xf973b84f",9,"953912.bmd@44, 1826476.bmd@0, 1851344.bmd@44, 8786604.bmd@43, 10033984.bmd@7, 10720812.bmd@0, 10768392.bmd@44, 11148480.bmd@0, 12713244.bmd@26"
0xa0051abc,small_stage,,"0x6202993f, 0xc32438c4, 0xc93fb09d, 0xe56bfe17, 0xf3683016, 0xf973b84f",6,"953912.bmd@40, 1851344.bmd@40, 8786604.bmd@39, 10033984.bmd@5, 10720812.bmd@5, 10768392.bmd@40"
0xa6ed6931,globe,,"0xc32438c4, 0xc52a8999, 0xc93fb09d, 0xf3683016",4,"953912.bmd@34, 1851344.bmd@34, 8362104.bmd@38, 10768392.bmd@34"
0x14c5ba24,saboteur,,"0x4243eeb1, 0x48503d56, 0x485866e8, 0x567ca5bd, 0x5c6f765a, 0x6036478c, 0x6a2dcfd5, 0xc32438c4, 0xc52a8999, 0xc93fb09d, 0xcf3101c0, 0xdb061172, 0xdd08a02f, 0xe75f20a4, 0xed44a8fd, 0xf973b84f",16,"1113568.bmd@1, 1365320.bmd@6, 1465172.bmd@3, 3271020.bmd@0, 7849040.bmd@3, 8179364.bmd@3, 8935020.bmd@1, 10161640.bmd@13, 10606064.bmd@0, 11061008.bmd@10, 11605972.bmd@0, 12220728.bmd@0, 12912648.bmd@5, 13021632.bmd@1, 13505160.bmd@1, 13572780.bmd@13"
0x6c2109d8,,,"0x3b39bf8c, 0x4243eeb1, 0xc52a8999, 0xcf3101c0, 0xdd08a02f, 0xf3683016",6,"1113568.bmd@14, 3168764.bmd@9, 3271020.bmd@19, 7849040.bmd@14, 10503564.bmd@12, 10606064.bmd@16"
0xc2a0965b,pickup_guitar,,"0x4243eeb1, 0x48503d56",2,"1113568.bmd@9, 12220728.bmd@7"
0xcbe2e5f4,,,"0x4243eeb1, 0x48503d56, 0x567ca5bd, 0x5c6f765a, 0x8bda53ba, 0xc32438c4, 0xc52a8999, 0xdb061172, 0xdd08a02f, 0xe75f20a4, 0xed44a8fd, 0xf3683016, 0xf973b84f",13,"1113568.bmd@10, 1365320.bmd@4, 7683864.bmd@11, 7849040.bmd@7, 8179364.bmd@2, 8935020.bmd@11, 10503564.bmd@6, 10606064.bmd@9, 11605972.bmd@11, 12220728.bmd@6, 12912648.bmd@14, 13021632.bmd@15, 13572780.bmd@6"
0x36648f28,makeup_table,,0x8bda53ba,1,1209868.bmd@60
0x7acd777d,privacy_screen,,"0x07608e5a, 0x194c16b1, 0x8bda53ba",3,"1209868.bmd@46, 2602756.bmd@43, 11907728.bmd@40"
0x94c70af4,hexagon_couch,,"0x8bda53ba, 0xdd08a02f",2,"1209868.bmd@36, 2145040.bmd@42"
0x970e689d,,,"0x485866e8, 0x8bda53ba",2,"1209868.bmd@32, 3015392.bmd@35"
0xc7d1066a,hanging_suits,,"0x07608e5a, 0x194c16b1, 0x8bda53ba",3,"1209868.bmd@44, 2602756.bmd@45, 11907728.bmd@41"
0xcb22ddae,shelf_bottles,,0x8bda53ba,1,1209868.bmd@59
0xd27d486b,,,"0x0cb33492, 0x640c2862, 0x8bda53ba",3,"1209868.bmd@9, 1532740.bmd@9, 11148480.bmd@3"
0xd9afbd84,shelf_hats,,0x8bda53ba,1,1209868.bmd@55
0x886c7a61,,,"0x3b39bf8c, 0xdb061172, 0xf3683016",3,"1365320.bmd@5, 3168764.bmd@8, 10503564.bmd@10"
0xa77538e6,,,"0x3b39bf8c, 0x48503d56, 0x567ca5bd, 0x5c6f765a, 0x6036478c, 0xc32438c4, 0xdb061172, 0xdd08a02f, 0xf973b84f",9,"1365320.bmd@10, 3168764.bmd@7, 8179364.bmd@14, 8935020.bmd@12, 10161640.bmd@9, 10606064.bmd@17, 11605972.bmd@5, 12220728.bmd@15, 13021632.bmd@14"
0x139b10e5,,,"0x485866e8, 0x6036478c, 0x6a2dcfd5, 0xaf7abe2a, 0xc93fb09d, 0xcf3101c0, 0xed44a8fd",7,"1465172.bmd@9, 3271020.bmd@11, 5668812.bmd@28, 10161640.bmd@14, 11061008.bmd@9, 12912648.bmd@6, 13505160.bmd@8"
0x3d323f98,,,0xaf7abe2a,1,1846256.bmd@0
0x64abe67a,,,0xaf7abe2a,1,1846256.bmd@1
0xef6905eb,,,0xaf7abe2a,1,1846256.bmd@2
0x03b81854,pickup_guitar_pick,,"0x06a8bccb, 0x0d7b0603, 0x567ca5bd, 0x943ef9c0, 0xf973b84f",5,"2001536.bmd@8, 8935020.bmd@18, 9088136.bmd@7, 9947992.bmd@18, 11605972.bmd@14"
0x442619a2,pickup_notebook_page,,"0x06a8bccb, 0x81c1dbe3",2,"2001536.bmd@3, 3952272.bmd@4"
0xc2a364f7,maid,,"0x06a8bccb, 0x6036478c, 0x81c1dbe3, 0xed44a8fd",4,"2001536.bmd@6, 3952272.bmd@6, 10161640.bmd@7, 12912648.bmd@9"
0x5a06665a,locker_blue,,"0x4243eeb1, 0x48503d56, 0x567ca5bd, 0x6202993f, 0xc52a8999, 0xdd08a02f, 0xed44a8fd",7,"2145040.bmd@31, 3435788.bmd@38, 8362104.bmd@34, 8583196.bmd@1, 10033984.bmd@11, 11818848.bmd@34, 12713244.bmd@27"
0xc94f37a6,trophy_case,,"0x4243eeb1, 0x485866e8, 0x567ca5bd, 0xc52a8999, 0xdd08a02f",5,"2145040.bmd@41, 3015392.bmd@22, 3435788.bmd@27, 8362104.bmd@28, 11818848.bmd@29"
0xd0cad93f,stage_chairs_small,,"0x567ca5bd, 0xdd08a02f",2,"2145040.bmd@46, 3435788.bmd@45"
0x0e2af299,,,"0x06a8bccb, 0x6036478c, 0x81c1dbe3",3,"2336388.bmd@35, 9772676.bmd@10, 10339344.bmd@21"
0x32597600,,,"0x6036478c, 0x81c1dbe3",2,"2336388.bmd@31, 9772676.bmd@36"
0x37c9f4db,outdoor_planter,,"0x6036478c, 0x6a2dcfd5, 0x81c1dbe3, 0xed44a8fd",4,"2336388.bmd@39, 8583196.bmd@10, 9772676.bmd@39, 11354640.bmd@39"
0x45c41aec,,,"0x6036478c, 0x81c1dbe3",2,"2336388.bmd@32, 9772676.bmd@35"
0x61e58945,butler_cart,,"0x6036478c, 0x81c1dbe3, 0xed44a8fd",3,"2336388.bmd@38, 8583196.bmd@22, 9772676.bmd@41"
0x96c07daa,,,"0x06a8bccb, 0x6036478c, 0x6a2dcfd5, 0x81c1dbe3, 0xed44a8fd",5,"2336388.bmd@33, 8583196.bmd@47, 9772676.bmd@33, 10339344.bmd@6, 11354640.bmd@5"
0xa24c29f6,,,"0x06a8bccb, 0x6036478c, 0x81c1dbe3",3,"2336388.bmd@27, 9772676.bmd@34, 10339344.bmd@19"
0x40d2dedc,boxes,,"0x07608e5a, 0x194c16b1, 0x1f42a7ec, 0x9e257199",4,"2602756.bmd@38, 8301872.bmd@23, 9165008.bmd@23, 11907728.bmd@35"
0x60ec6ddd,,,"0x07608e5a, 0x194c16b1, 0x1f42a7ec, 0x9e257199",4,"2602756.bmd@11, 8301872.bmd@1, 9165008.bmd@1, 11907728.bmd@11"
0xb6729caa,guitars,,0x07608e5a,1,2602756.bmd@44
0xc996b0b5,staircase,,"0x07608e5a, 0x194c16b1, 0x1f42a7ec, 0x9e257199",4,"2602756.bmd@9, 8301872.bmd@9, 9165008.bmd@9, 11907728.bmd@9"
0xcf1127f8,,,0x13579ee8,1,2845212.bmd@59
0x0091593c,keyboard_xylophone,,"0x485866e8, 0x6202993f, 0xc52a8999",3,"3015392.bmd@48, 8362104.bmd@44, 10033984.bmd@10"
0x1691c8a9,basketball_court_markings,,"0x4243eeb1, 0x485866e8, 0xc52a8999",3,"3015392.bmd@24, 8362104.bmd@30, 11818848.bmd@31"
0x475fc772,basketball_hoop,,"0x4243eeb1, 0x485866e8, 0x567ca5bd, 0xc52a8999",4,"3015392.bmd@23, 3435788.bmd@25, 8362104.bmd@29, 11818848.bmd@30"
0xa81af21d,,,"0x4243eeb1, 0x485866e8, 0x567ca5bd, 0xc52a8999",4,"3015392.bmd@25, 3435788.bmd@24, 8362104.bmd@31, 11818848.bmd@32"
0xeac2ee65,music_shelf,,"0x48503d56, 0x485866e8, 0xc52a8999",3,"3015392.bmd@37, 8362104.bmd@43, 12713244.bmd@24"
0x129da472,drake_guitar,,"0x3b39bf8c, 0x6202993f, 0x640c2862, 0x721e672a, 0xe56bfe17, 0xf973b84f",6,"3168764.bmd@5, 8014292.bmd@0, 8935020.bmd@15, 11000524.bmd@0, 12009072.bmd@0, 12577348.bmd@0"
0x12d2008b,,,"0x3b39bf8c, 0xdd08a02f, 0xf3683016",3,"3168764.bmd@6, 10503564.bmd@11, 10606064.bmd@10"
0x949b8969,megan,,"0x13579ee8, 0x3b39bf8c, 0x943ef9c0, 0xf973b84f",4,"3168764.bmd@10, 8935020.bmd@14, 9947992.bmd@17, 13664580.bmd@16"
0x0fe2cafe,pickup_flash_powder,,"0x194c16b1, 0x1f42a7ec, 0x6036478c, 0x8bda53ba, 0x9e257199, 0xcf3101c0, 0xed44a8fd, 0xf973b84f",8,"3271020.bmd@23, 7683864.bmd@18, 7931836.bmd@13, 8935020.bmd@16, 10161640.bmd@12, 11511040.bmd@11, 12826676.bmd@19, 12912648.bmd@19"
0x2e15e413,,,"0x07608e5a, 0x194c16b1, 0xaf7abe2a, 0xcf3101c0",4,"3271020.bmd@12, 5668812.bmd@21, 10265108.bmd@2, 12826676.bmd@2"
0x6ec7a7f2,generator_fan,,"0x07608e5a, 0x194c16b1, 0x1f42a7ec, 0x9e257199, 0xcf3101c0",5,"3271020.bmd@15, 7931836.bmd@0, 10265108.bmd@7, 11511040.bmd@0, 12826676.bmd@9"
0x6ecbf5d1,,,"0x0d7b0603, 0xcf3101c0, 0xe75f20a4, 0xf3683016, 0xf973b84f",5,"3271020.bmd@18, 8935020.bmd@13, 9088136.bmd@5, 10503564.bmd@7, 13572780.bmd@15"
0x9581b950,,,"0x8bda53ba, 0xaf7abe2a, 0xcf3101c0, 0xed44a8fd, 0xf3683016",5,"3271020.bmd@26, 5668812.bmd@23, 7683864.bmd@3, 10503564.bmd@13, 12912648.bmd@13"
0x98622745,,,"0x07608e5a, 0x194c16b1, 0x1f42a7ec, 0x9e257199, 0xaf7abe2a, 0xcf3101c0",6,"3271020.bmd@9, 5668812.bmd@3, 7931836.bmd@3, 10265108.bmd@13, 11511040.bmd@3, 12826676.bmd@5"
0xbf42caac,screwdriver,,"0x07608e5a, 0x194c16b1, 0x1f42a7ec, 0x9e257199, 0xcf3101c0",5,"3271020.bmd@16, 7931836.bmd@5, 10265108.bmd@6, 11511040.bmd@5, 12826676.bmd@7"
0xd1cae624,,,"0x07608e5a, 0x194c16b1, 0x1f42a7ec, 0x9e257199, 0xcf3101c0",5,"3271020.bmd@14, 7931836.bmd@4, 10265108.bmd@5, 11511040.bmd@4, 12826676.bmd@6"
0xe140620e,pickup_screwdriver,,"0x194c16b1, 0x9e257199, 0xcf3101c0",3,"3271020.bmd@17, 11511040.bmd@6, 12826676.bmd@8"
0xed360b71,,,0xcf3101c0,1,3271020.bmd@25
0x1989dc45,,,"0x8bda53ba, 0xaf7abe2a, 0xed44a8fd",3,"5668812.bmd@24, 7683864.bmd@2, 12912648.bmd@12"
0x2078d870,,,"0x13579ee8, 0x6036478c, 0x943ef9c0, 0xaf7abe2a",4,"5668812.bmd@25, 9947992.bmd@6, 10161640.bmd@10, 13664580.bmd@13"
0x34a1cc48,magic_Rabbit,,"0xaf7abe2a, 0xdbda86ad",2,"5668812.bmd@9, 8502604.bmd@0"
0xf6c2fed0,pickup_clothes,,0x8bda53ba,1,7683864.bmd@6
0x3cb8e6d5,pickup_drum,,0xc52a8999,1,7849040.bmd@11
0x0d7bc808,,,"0x1f42a7ec, 0x6036478c",2,"7931836.bmd@11, 10161640.bmd@6"
0x70844930,,,"0x1f42a7ec, 0x6036478c",2,"7931836.bmd@10, 10161640.bmd@5"
0x4b28c329,drake_bandmate_drummer,,"0x6202993f, 0x640c2862, 0x721e672a, 0xe56bfe17, 0xf973b84f",5,"8014292.bmd@2, 8935020.bmd@20, 11000524.bmd@2, 12009072.bmd@2, 12577348.bmd@2"
0x5b7f2540,drake_bandmate_guitar,,"0x6202993f, 0x640c2862, 0x721e672a, 0xe56bfe17, 0xf973b84f",5,"8014292.bmd@3, 8935020.bmd@21, 11000524.bmd@3, 12009072.bmd@3, 12577348.bmd@3"
0xa405db5e,,,0xc52a8999,1,8362104.bmd@54
0xeb4f8f54,science_classroom,,0xc52a8999,1,8362104.bmd@17
0x760bb013,,,0xed44a8fd,1,8583196.bmd@29
0xbfc69b4c,fountain_pool,,0xed44a8fd,1,8583196.bmd@15
0xc14b10d7,,,0xed44a8fd,1,8583196.bmd@16
0xeb13d295,,,0xed44a8fd,1,8583196.bmd@3
0x65c2b6ab,,,0x81c1dbe3,1,9772676.bmd@42
0x9f562e8d,fountain_trees,,"0x6a2dcfd5, 0x81c1dbe3",2,"9772676.bmd@38, 11354640.bmd@36"
0x15151c0d,pickup_cowboy_boots,,"0x13579ee8, 0x943ef9c0",2,"9947992.bmd@11, 13664580.bmd@7"
0x3b8e3a61,pickup_cowboy_duster_coat,,"0x13579ee8, 0x943ef9c0",2,"9947992.bmd@9, 13664580.bmd@9"
0x477b7081,pickup_cowboy_hat,,"0x13579ee8, 0x943ef9c0",2,"9947992.bmd@12, 13664580.bmd@4"
0x554d97b9,pickup_lasso,,"0x13579ee8, 0x943ef9c0",2,"9947992.bmd@10, 13664580.bmd@8"
0x7832ec9d,pickup_checkered_puffy_coat,,"0x13579ee8, 0x943ef9c0",2,"9947992.bmd@7, 13664580.bmd@6"
0xe4fca5a7,watering_hole,,"0x13579ee8, 0x943ef9c0",2,"9947992.bmd@16, 13664580.bmd@5"
0x1a9ae40b,pickup_brown_suit_jacket,,"0x6a2dcfd5, 0xed44a8fd",2,"11061008.bmd@11, 12912648.bmd@11"
0x1af04702,,,"0x6a2dcfd5, 0xe75f20a4, 0xed44a8fd",3,"11061008.bmd@5, 12912648.bmd@8, 13572780.bmd@7"
0x2fd5336c,pickup_tools,,0x6a2dcfd5,1,11061008.bmd@8
0xeed667bd,pickup_pants,,0x6a2dcfd5,1,11061008.bmd@12
0x490798a6,table_tennis,,0x6a2dcfd5,1,11354640.bmd@26
0xa7582a1a,swimming_pool_large,,0x6a2dcfd5,1,11354640.bmd@32
0xe4e5fc51,swimming_pool_small,,0x6a2dcfd5,1,11354640.bmd@25
0xf462ee63,swim_chairs,,0x6a2dcfd5,1,11354640.bmd@30
0xb09926a3,rodent,,0x3e9c2d4a,1,11815040.bmd@0
0x1e6f24f1,trophy_banners,,0x4243eeb1,1,11818848.bmd@26
0x2e05241d,caged_clock,,0x4243eeb1,1,11818848.bmd@20
0x42030e8f,podium,,0x4243eeb1,1,11818848.bmd@25
0x489bb376,drying_rack,,0x4243eeb1,1,11818848.bmd@19
0xb8a76a24,trampoline,,0x4243eeb1,1,11818848.bmd@27
0xdf64591a,parallel_bars,,0x4243eeb1,1,11818848.bmd@24
0xf21a9314,pommel_horse,,0x4243eeb1,1,11818848.bmd@21
0x539dc935,,,0x194c16b1,1,11907728.bmd@47
0xfb9d4ed9,pickup_keyboard,,0xc32438c4,1,13021632.bmd@7
0xb81d42e3,pickup_tray,,0xe75f20a4,1,13572780.bmd@9